	P0_00	P0_01	P0_02	P0_03	P0_04	P0_05	P0_06	P0_07	P0_08	P0_09	P0_10	P0_11	P0_12	P0_13	P0_14	P0_15	P0_16	P0_17	P0_18	P0_19	P0_20	P0_21	P0_22	P0_23	P1_00	P1_01	P1_02	P1_03	P1_04	P1_05	P1_06	P1_07	P1_08	P1_09	P1_10	P1_11	P1_12	P1_13	P1_14	P1_15	P1_16	P1_17	P1_18	P1_19	P1_20	P1_21	P1_22	P1_23	P2_00	P2_01	P2_02	P2_03	P2_04	P2_05	P2_06	P2_07	P2_08	P2_09	P2_10	P2_11	P2_12	P2_13	P2_14	P2_15	P2_16	P2_17	P2_18	P2_19	P2_20	P2_21	P2_22	P2_23	P3_00	P3_01	P3_02	P3_03	P3_04	P3_05	P3_06	P3_07	P3_08	P3_09	P3_10	P3_11	P3_12	P3_13	P3_14	P3_15	P3_16	P3_17	P3_18	P3_19	P3_20	P3_21	P3_22	P3_23	P4_00	P4_01	P4_02	P4_03	P4_04	P4_05	P4_06	P4_07	P4_08	P4_09	P4_10	P4_11	P4_12	P4_13	P4_14	P4_15	P4_16	P4_17	P4_18	P4_19	P4_20	P4_21	P4_22	P4_23
S000	0.7558007984580888	0.800993165556267	0.1862051096877014	-1.0156888596983926	0.017694141063782157	-0.4898814910479713	-1.0124631937189377	0.33249245382378334	-0.32910934222472077	-0.6981133293157777	-0.7086706429638592	0.34046388486052503	0.4126677804296689	1.1836961969068598	0.11459848627411831	0.959202028463651	1.2475420825114112	1.0458627300131471	-1.7665129039281862	1.1086771964561302	0.3974262276923074	0.4647473033760712	0.42271215528240036	0.431935949310002	-0.24847592087128614	0.12511807713615086	-0.5584769814253796	0.8235059814041479	-1.7545262867128626	0.12545678817267725	0.8416621008179457	0.2268313668620453	-0.6177993112616489	0.02555752151321955	-0.17934829486781484	-0.608743164168417	0.4672241959413779	0.6857538678168604	-1.477028148511807	1.098290853376534	-0.3470853386661332	-0.5250630800128625	0.35266528317662105	-1.002239037353133	-0.013936343558473396	-0.650452110372786	-0.4164273982339292	-0.07854056801404186	-0.8647590397358245	-2.676536750979507	-2.165085769504284	-0.7332771575045262	-0.6521042792256305	-1.5465118872063353	-1.7008669330069208	-2.3973825200326884	-1.2304678568723748	-1.0865001743145106	-0.8139030652443119	-1.664061730741046	-1.8048955247733152	-0.5585372218342176	-1.4412163518695258	-1.2602010719692471	-2.6517759652685067	-1.7318184486188044	-0.2998041195111474	-0.28143113231246475	-1.5528281607762735	-0.9727231966741511	-1.2962556537182979	0.3128880108395784	-3.7183777883321136	-1.0190458210267321	-1.809801120198693	-1.366530612781429	0.29087418509237084	-0.8378864088215314	-1.2377439219439323	-2.862695986133502	0.07765786823126541	-1.304729284235609	-0.40187218528607205	-1.1977625675468337	-1.5582009765168159	-2.473915848132277	-0.8690398396445789	-2.010495679878666	-0.29116708811350134	-0.03855776482026663	-2.0511718102917236	-2.236490790547454	-2.1810219063601153	-1.8275075534557228	-1.314684487102715	-1.9228613827363747	1.3286479992954456	-0.8137809113189104	1.0508215178257923	0.6766409508304748	1.9107064403555234	0.3134459066098975	0.7584374979699752	0.028502677961716016	0.28570697976093484	0.5473164471911276	0.9552807487506306	-0.6615945201062253	1.1559867601602782	-0.8322643093727954	1.347671504079612	0.5935147160091494	1.4523900525356925	-1.8808179883836167	1.6052642140768922	0.21775730025082862	0.7138966868989238	0.24265232018038596	0.8245715454193216	0.005461595832297772
S001	0.12342651291060286	-0.4192355101221983	-1.6534131019920975	-0.2192366456172405	-0.7750903421078432	0.7320258667390063	-0.36311806808760394	-0.065324578405694	-0.8117896277794164	-0.5406028376098033	-0.1413313126405713	-1.320405010702138	0.10844322814438279	-0.21696266604950265	-1.080680707295489	-2.050691155609519	0.27833684381294216	-0.3701720944459662	-0.5561115938658286	-0.3210285671736555	1.3210758894136134	-0.17194563853901645	-0.06280945290046819	-1.3217631590316206	-0.25845289183612485	-0.5379237277271023	0.6887768971973145	0.18357926515514933	0.1240521663579901	0.4325878334053119	-1.9468170765392518	0.45205269020327726	1.5702186336556054	-1.1027947549723234	1.739086849150471	-1.707426329742643	-0.8333348302560672	0.2640691250889468	-0.7535538939719473	-0.9874289658473321	-0.15293243041304572	0.07445694238078465	0.42418102178683154	-0.4930891399198265	-1.8982580955212045	0.1827153308975743	0.7609748015717424	-0.6443746198072904	-2.7051880669470427	-0.7230374742617601	-3.2803262166313987	-0.06381823180524004	0.5953928515808212	-0.7484457833220939	-0.5400532432595755	-0.25258409201937254	0.2976451042483119	-2.367795674481291	-0.939038420698497	-0.4100011022706154	-0.9692216549735639	-1.1904168308778658	-1.3818802265726653	-0.893890652849767	-0.47228860335523226	0.2677218002910381	-0.581903895089882	-1.3889415888945922	-0.5592866733350437	0.18686823084955717	-1.095590118850676	-0.7305612709453557	-0.9439153523234057	0.7992720639538855	-0.5072462887578647	-0.2601955691162625	0.5258941462896333	-0.43447037960514334	0.8304488283104164	1.1890974090695527	1.0990088341579447	1.405734998751945	1.6107939977797572	0.6005297893278374	0.25224665459813955	-0.20662482248388903	1.4962956704907255	-0.5163248437896485	1.4286341614893172	0.020821897840714088	0.6647073444995552	0.9419049197863663	-0.6575902035550175	1.2864173356682755	0.1504722073186271	-0.08278017255514791	-1.6408407814613084	-0.49478801852232557	-1.459577849451878	-1.536573008008041	-1.5871951386471106	0.3399481187441995	-1.3399557839183265	0.46868089173838334	-1.131755935970234	-1.4991731753157866	-1.2513211570212581	-1.6497735480685551	-1.6082724128448362	-1.1076707706395323	-2.914121823810854	0.3310419048890083	-1.2531506346108339	0.07142772736643377	-2.047582923032755	-1.1669132070427266	-1.9412483000487888	-0.7802808242830089	-0.7567464694896274	0.43783797796812607
S002	1.958293903528162	1.3744130371987175	1.4939705440474254	0.6785608354126258	1.3737464815029585	0.9371801185188102	1.1309739127304872	0.5186682837166499	-0.5386877079902853	1.4635061286858284	-0.9075450588444837	0.4484733134368532	0.47680465972355335	-0.19386546234432167	1.130921159512546	0.48015888931562734	0.29092798996545677	1.0562960352253952	0.259159417996551	1.7516066303139288	0.9215867113931331	0.26095626097573066	-0.9149893303451534	-0.4057799070776361	-0.6107255021956493	-2.330692946595431	-1.818008602660202	-2.189255071223171	-1.1632782795527317	-2.177303830827237	0.08490943848088572	-0.8301915603075001	-1.205239758901815	-0.6674564234912901	-0.21813429539879903	-0.9291060162854943	-1.909356437627559	-1.1702773560156516	-1.5891770702291717	-0.8092650770074434	-1.5497956796558432	-1.1834215358870532	-0.4000066663089167	-1.8790007736990475	-1.358258632836497	-1.4268214184248844	-1.7277451934779164	0.8069981453126134	0.5378189989160959	-0.5743809138088125	-0.20113386908972392	-0.06110787919772648	0.3260665233563157	-1.6424235349650576	0.11393012131740392	-0.41512396179707267	-0.15228046563150144	0.7171782362364867	0.3571552970114657	1.7149997197652898	0.32764772659693175	-1.6451058414466107	-0.5680631370771222	0.22151095254030295	-0.0035022287968183158	0.9255707877555708	-1.5597513247236383	0.26043673647122206	0.02159248889512176	0.08996192331628196	-0.23454733969256303	-0.28938616156304114	-0.18063261261028174	0.24979777352249075	0.8702069971671111	1.0372146579196033	0.4540212643095022	-0.1623389993576007	0.047826514796708325	0.22598267950103207	-0.6279220321682928	-0.2078343970254476	0.10089398586776202	-2.535494909793239	0.019084286425289754	-0.41211240088878603	1.2069124861362617	0.6557660084448838	-1.1947078194441347	0.4597197092669477	-1.5887219464832611	1.4140076769163714	-0.5823947368602869	0.07595215159869845	1.03737916579048	-0.33924080274617446	0.729241279661824	1.3491753458906675	0.6140525555260878	2.1065168188592946	-0.2642430365008444	1.9186940406338338	0.42022469137511353	1.0268892150843318	0.4329303076646006	1.4170191582571756	0.019744172589105824	0.5283557589473704	1.952625740840192	1.0461824885357078	0.7544131630385649	0.47893134973536383	-0.45451513263421445	1.1593415972880876	1.2324718987374648	1.2829682402208862	0.4886379287107932	1.1852027400412473	0.45855294294345833	0.05055793791209873
S003	0.9743647449677304	0.06441686666396579	-0.12159993539058808	1.4195014085471973	-0.9212192781060791	-0.3636261227200478	-0.2731700242537476	0.57396994237808	-0.4259280414901979	-0.38583416173818286	-1.1792194003550514	0.688379640367325	0.7498116039650573	-0.2762012807678899	0.23557207358607862	-0.9292167810544336	-0.272550406639682	1.2072608793310566	0.21348470440674722	1.9531909065897504	-0.5248540765726866	0.5691276505324858	-0.051504545113442185	0.5575543946155141	0.12825166966449497	-1.334220476413277	-1.3210004757078684	-0.5341722819501615	0.20595538074771325	-0.8892137634012777	-0.12525087848055083	-2.204916136985763	-0.4837628446866099	0.2530077957327064	-0.6773550567850304	-1.3156075005094694	0.08175131251599188	-1.593960667527699	-1.033004120187016	-0.3160425977597171	-1.533570781400877	1.3137109571236798	-0.9588721035731964	-2.4171928435817414	0.07596694105554791	-0.517316083826862	-0.83663383166392	-0.41299088978901444	-0.26862634226858606	2.323279365639103	0.10279868441342577	1.677510338742977	0.7087327948037735	0.7470329556899353	2.3771014015464176	0.7231354642132731	1.7969385589002171	0.7870222536076965	1.3488911997824795	0.5654177165866608	0.06448138871590137	0.30500839243378586	1.522001637694821	1.247613295990151	1.1567325141635403	0.7213123746125578	1.0608459217388484	1.5952938251620865	1.030898196105787	1.0465237169030637	-0.23882618969841152	0.38497434292658983	-2.444879955407327	-2.987692047909418	-1.1532000515113214	-0.5661656505002202	-2.087535511130602	-2.6022018683458796	-2.0080849387136763	-2.268436983426095	-1.7663417001198418	-1.9308024272087965	-1.6808934837140648	-1.865551969436745	-2.599310120716612	-3.391243467063165	-2.84213067941013	-2.155629403558371	-1.3369739244918792	-2.54185464996779	-1.6729026798872675	-2.760947631704023	-2.5100376094450145	-2.2073001160292796	-0.9610104226103555	-2.26366546042016	-1.0395088266564287	-1.481228817751052	-1.4047856781608907	-0.3861354883960577	-1.3281705387541771	-0.6174403514249115	-0.7051193785791126	-2.4522556524467944	-0.9609995291503839	-1.5546131809893895	-1.1909227632246357	-2.1548318966770657	-1.1223219335347054	-0.5083941608175828	-1.991513552086221	-1.1690062040470797	-1.040034645508544	-1.943462990155739	-1.0527602812866588	-1.0951003192941164	-1.7598262041539832	-1.9551549672654522	-0.9182847636300933	-2.1328416858283705
S004	-0.5414384608881162	-0.9846278614884383	-1.229762784618473	1.9171600180780066	-0.5975454209404838	-2.148997925347707	-1.0545498594837786	0.006762408538086739	-0.9356761197089095	0.5526875888270951	0.26624924511405534	-0.6575402818204996	-0.9134421273819456	-1.3395101787832682	-1.0956426070117709	-1.7141838328936112	0.42784766006535657	0.7368912565397386	-1.5405798289432973	-1.4810157537102815	-1.9504788588306448	-1.30675275774685	-3.020738814187744	-1.4494925384666466	0.5716961927510138	-0.023761380515146424	0.6128897107228852	0.3755886864479271	0.8257435872046555	-0.32346281975617874	-0.24460135888077553	0.5661581643885419	0.6244905645847801	0.044468706577318724	0.14024545487245507	0.8262261374556703	-0.6183602489943569	-0.8981609460845823	0.6980581533769085	0.3709791176314624	-0.501461255913474	-0.16740908974286944	-0.5464952105033155	-0.3570015465630275	1.1184472670481629	0.10018760405246308	-0.829915964750296	0.4790189270874615	1.057736785421056	0.9023084215440647	1.8044248653584603	3.0527902478770574	2.6826502908891223	2.03904333708537	0.82063726189989	2.0886722080471642	2.914973011858358	0.7373851610423869	0.9688037040266262	-0.49231242889710813	0.37106897040369	3.160413568890802	3.165134241521076	2.2486438011161347	1.933702337225109	1.1661110765130038	2.284543620710772	1.4594915652233007	3.200138214331572	2.397207463016592	2.4442434537568194	1.747323484527856	1.4019901658868064	0.8183056213544457	0.7920824112821084	2.0913917466051197	1.6507753556054365	-0.8358078603673833	1.8292347151762707	1.0424110144347718	0.07050694537183466	0.8776376096148619	0.7329589501165751	0.8307156905168366	1.7063040306053345	0.30711245525197806	1.1132598542524552	1.312754934452003	0.7152222200587524	0.45682497255889853	1.8649088622422727	1.5899028656828074	1.7635821241784142	0.9834464126850871	1.9203902650094218	2.3249173417993263	-1.8017938616255544	-0.48625115743048253	-1.5618911360083287	-1.2360063306574047	-0.7387047466582919	-0.6314192952223626	-0.01345216934839022	-0.8577352199364565	-1.2912377472694048	-1.6282997499869194	-2.1770637735141323	-0.19768431585712287	-1.1458114269367605	-0.46334340973309107	-0.809221539062065	-1.1587796516599578	-2.7833280973895658	-1.6376001191081473	-0.9415288035155251	-0.12308116928408264	-0.34363966772556354	-0.43246729049847255	-1.0010385807920312	-1.3850939497911319
S005	1.399127374749904	0.08505703133791276	1.0452624427922115	-0.029580196164151196	1.7701288925039833	0.5209694413205703	0.05599322119470029	2.4035342752063498	0.10201756988113336	-0.6153836248714243	0.5231230564775726	0.3305270240630209	1.2146546974424903	-0.37571208468876427	1.005368600093083	1.0437938313689177	-0.17255477863857172	0.49219025948762685	-0.3030065105739853	2.238241513982019	-0.20171659491464888	-0.0008645000254866586	-0.4910753626612151	0.084698034770946	-1.5088027121504513	-1.9805167165450808	-1.9865758347379348	-1.528133740172888	-1.315720250107515	-2.009989597317473	-2.3838805888580987	-2.1144164334739095	-1.1482182441060254	-1.3136701190532074	-2.2692406813844475	0.34023368603345583	0.07632967868846263	-2.7744735899473563	-1.1087441236454791	-2.729712285137792	-1.8973607082103825	-0.6896414014433292	-1.3134653116937463	-2.8877080501301515	-1.518398076744944	-3.8950450700406156	-3.2015999718986605	-1.904470529034385	-0.13295190442860555	1.3305211307091789	0.0478813799905522	-0.6920298677948151	1.3594358200785146	1.0286942134292711	0.36892916160835965	0.7555550195936638	2.4275446428150858	-1.5144372733580724	0.30338640120822036	0.7201427437968302	0.14201464403688915	-0.29583571048334006	1.585222131570253	2.213327654877449	1.1652895114941155	1.4187098384370749	-0.18902835637864862	0.15814762274763802	0.6627258887715204	1.0465631990096118	0.15810047015403822	1.4557098792980694	0.3810847499291652	0.3502700295699448	1.7605472032916882	1.0984115566459458	1.7630065455981203	1.231036365996121	0.8987374644049348	0.8584823472756551	0.572804234472614	1.087551991495554	0.6395528270980733	0.2036971390620358	1.9232685284450814	0.4865406545373905	1.2325625397890745	-0.2906508459900905	0.5131980350577946	0.31592512162798403	0.10365170403929258	0.7850981234863873	1.4409133948956327	0.791354242574653	1.8819094323880134	0.8728677602500083	-2.313874355114888	-1.208300891327573	-1.3506608166675909	-2.0036959251622823	-1.252763318772978	-3.142654049652444	-1.4130274326143268	-2.5392040689761384	-1.2901447767272776	-2.3872893204282466	-2.1646133825886946	-2.3990269811110108	-1.6517937441100585	-0.8930272015819192	-1.8573260088530557	-1.4673009139299282	-1.0458502486040127	-2.5502881268538085	-0.6720528218688038	-0.7508273452326487	-1.797958316741503	-1.6228608517861682	-2.557580558773668	-2.0891575758002494
S006	1.2992992237726138	1.9182313534058864	0.8156107282775777	1.1553808781928687	0.17080855199890355	0.6420782637172131	3.508646091750898	2.1369945984859737	0.6788608117882853	0.2340822519075041	0.5235337806504107	1.286647357519149	1.3317822758174895	0.7085115643854524	0.2747404717400219	2.441902849328894	1.665348406166214	1.004345629475789	1.127471078877268	0.8803756778296019	-1.0448363116835528	1.396529506804238	0.44756451737352443	0.5018526059038816	-0.5625146673647389	1.3598688379804444	0.20479410018859484	1.120070674834057	0.19206146028028603	0.2335957180309582	0.23626254813651865	1.6712103122226851	1.39207680415156	-0.796901821310556	-0.10989969106768196	1.4468125435835089	-1.1067183499334814	1.5691771789135867	0.6055562939576795	-0.7184796985847276	-1.679506638165472	0.14597264597687143	1.492517913051327	0.28559650823271404	0.5414140894217498	0.48742483458002017	-0.09857883747499507	0.4157675812128936	-0.8760776196931372	-0.45074445561425514	0.10297472571884003	-0.6760309621320615	-1.8842819280501697	-2.159651154099037	-1.6634897585403765	-1.251695182967331	-1.2229849137923718	-1.524967822108391	-0.9498444020661136	-1.1002773900130827	-0.7323580277809487	-1.5357602528402245	-0.2749792988253116	-3.0122964185690533	-0.9100558069065718	-1.1162291153775719	-0.7055713845802202	0.2443167466036753	-0.4466897968005532	-1.0098287741577276	-1.5161755674363397	-0.6458296434133266	0.7229999659192855	1.5724850639466665	0.5609223658249125	0.006426641059310234	1.4474501735939487	0.042880842960772325	0.6018629817829972	-0.15698417148069965	1.418530714124278	-0.04859024982324245	1.6138356950960646	1.019955372667795	0.05230145950979925	-0.06113196000496712	0.7130434539665205	1.4933336060859634	1.4852507606308276	2.9214769461335344	2.8171468363960246	0.7742949724459705	1.065484975291721	-0.0652621159262714	0.4099626865668743	-0.04720815500827813	0.6509373367849397	2.3327282333080204	1.0497247559808058	0.6771825783930406	1.2462714493873428	0.5185155459964829	-0.6253054331319345	0.7494522611973768	2.619931035383274	2.730644719551445	1.1721312570722928	1.987933345782436	1.2633380726009171	0.21125647898014988	1.6678816299135462	2.675738504411123	1.2501188762167035	-0.015704339601535278	2.23450127197529	0.5331261905733882	0.2154692108365086	0.7628328302584613	0.38548377422964175	1.8064429633917274
S007	0.4348710388169431	1.53292233489828	0.010656316403095611	-0.20034420461005553	1.4589626232671449	1.5505760868408829	0.17993399689386447	1.3969991049636095	0.7137750187974404	1.1881147043720903	-0.061687260923185216	1.6133965226179106	1.9096881264224406	1.4567395516301889	1.3937529324853568	-2.070739161768945	1.155584762382794	0.9267247097752074	0.8294445576521756	0.4426185711524262	0.9913729430600853	1.2767748872319091	0.7360504346967421	0.5764216513613455	0.10374589501975184	0.14737134169227767	-0.13304542294083277	0.30675710675218254	0.3062625171647022	0.7552607603306718	0.32948270429476784	-0.7199935878140563	-0.2784624405035081	0.3915502996410732	1.0292522462484754	0.37434927200708823	0.9185620914525253	-0.6249574100142087	1.5573675979885542	0.23693781372574885	-0.03876404907790132	0.6369459026890553	0.9665123557475963	0.4251349223290307	1.133972786309892	-0.8069376121617932	0.5258912776102521	1.2947650158993893	-0.9026886285450596	-1.072375888275263	0.2071668540188033	-0.5043747458499914	-0.3955767643581657	-0.7088202373174998	-1.394833820544993	-2.358490468598723	-0.32606886813683655	-0.18167162950240323	-0.5469126987153891	-1.5870589901478764	-1.1037926910758877	-0.7763043462565197	-1.882046831611813	-0.8463201389077603	-0.5685695149979515	-0.7394424902601145	-1.6748266777049463	-0.9924856716152717	-1.287513653638062	-1.7387914930810457	-1.8100413587430846	-0.7934623389933586	0.5822088447068136	0.3022170145210267	1.2369224304846111	0.7244407374897441	-0.4048734217397018	0.31690992140249175	-0.8630586311566302	0.5618005717570398	0.45859837682648275	-0.6196980450336416	0.7847362767157842	0.8101572255345757	1.8433615072731062	-0.13741831848242209	0.7847459019787111	0.4413554001949264	1.8755062088325336	1.3713668612942183	0.9687494702245696	0.7502280105829013	0.009999075912768107	-0.11523386748833636	-0.7879408616709433	-0.18097787383499214	0.8253605499387764	-1.3731341465232827	-0.38697636524863654	0.6702367579487911	-0.25390714688811156	1.280757087756349	0.27043308026196095	-0.20838897883445473	0.06999586167439517	0.5880820249496881	-0.04536448183205659	-1.0260563912297807	-0.5460375061137851	-0.48142938037676636	1.2129181275292193	-0.5897258686271747	-1.1988334544305879	0.013704676373757246	-0.12407448327695586	-0.3228863328568165	0.11099285895708991	-0.3676567310816266	-0.2510865356302796	0.5319008059294688
S008	0.2800678129444244	-1.588028921622293	0.12038892245210886	-0.5622852648225729	-1.3471797520329345	-0.9357207526624437	-1.43973011805675	-0.16368362107944112	-0.42541382623061536	-1.1491721759295377	-1.585509875050371	-0.46236236100613615	0.0621732496665528	-0.7948043153124977	-0.36905323509561405	-1.0045569562467869	-0.6496798709994508	-0.9367615649219434	-0.4685015214270084	-1.9115532462355742	-0.1883828172552412	-0.8876812210896444	-0.41684878168748446	-0.9759833377799598	1.756917320745271	1.1463705855766977	1.6336406925296814	2.7786492273452215	0.4698047359074917	1.582838964780989	1.4742337792297935	1.9316809682099978	0.4603068288714405	2.6547096813536184	2.0705565544327444	3.2283396692433426	1.4377775462993903	0.8917393218896033	-0.06419347541985232	0.9956363701279729	0.35813654381501125	-0.235673504385562	0.6803358205410954	1.1639824867643367	1.239739741675566	3.4411569640264306	2.620700514544011	1.5301389861290413	-0.17098848159321905	2.053392420114633	0.5220669956659041	0.6558184786422774	0.39309860840499783	-0.09466927437261013	1.0712764227697522	0.8485368396540995	0.9131856035213766	0.7644930845547069	-1.0051012947631206	0.8858362073977086	0.2488312593001529	0.44922341222777495	1.210041346077892	0.20136942136330097	-0.5802459924483025	0.8004640696339882	2.0838861800560387	-0.5918755979019079	0.6968005980331321	0.13720263438442637	1.418159791342085	0.432352689361525	-1.6621497498500934	-1.5856887702368678	-1.8015917144545903	-0.17682115241890406	-0.8843877115139825	-2.96131841488965	-1.9512566973258458	-0.9887189709789742	-1.3678496518624885	-1.2729362625441756	-2.2976832765013233	-1.6158463749795706	0.6358617873884038	-1.8064507576701718	-2.0249020761207275	-1.910458932680148	-1.8835741924153808	-0.49748502561427177	-2.0691405225676855	-0.9140080903533977	-1.3400650754007066	-2.109867191162785	-2.4526120092309855	-2.1682467202086517	1.4225915303690213	0.43782215019808296	0.1884737072762317	0.17162772489146308	-0.2945019298550252	-0.029955958373625996	-0.8941539624211015	0.32847126157348266	0.14822294181512893	1.2014376795322825	-1.3754164222940504	1.5308094441343094	0.6397141228659111	0.5261284999628253	0.0029550514688662377	-0.4041439250350729	-1.027312666894344	0.46932028598933195	-0.9650009182343757	2.010165786416636	0.6952443351857402	-0.6925897149236344	0.48491037151332383	-0.343087123667571
S009	-1.0091325195467697	-2.12347171434919	-0.31409794105528277	-2.628257141155891	-2.0968125228694015	-1.076888615414345	-0.09514764289839084	-1.042920429599628	-1.4637482352693214	-2.405493585640664	-1.4184428025901583	-1.2813230798797275	0.0870334452254653	-0.7677212937614268	-2.4886957709888096	0.3560018051485019	-1.581429371445087	-1.968989242809506	-0.08556334937652466	-1.305226079283627	-1.5593435505485316	-1.0903926798978674	-0.5895104467454796	-0.47075250748633224	1.0321532789177608	0.15411973087360237	0.12470713610329026	0.8545121194842711	0.3666112255098093	1.7365987818445496	1.057559220545328	-0.372173515840762	-0.7364801245159018	0.5829903459723454	1.419196463940859	-0.38068701174438097	-0.28782304913950957	2.377810768542031	0.47975589944570274	0.19060705028166808	2.446478530967034	0.22070967031525418	-0.447454930032633	0.5226724897987588	-0.5431901726598196	-0.8123792294597905	1.22798154985988	0.010131892123951713	-1.5321582435611694	-2.119021694656934	0.6636696183624577	-0.5108162327434809	-1.0919025987513225	-0.6402315385513913	-0.4952536037417383	-1.1388093754946398	-0.6726346389996112	0.08539610133678782	-1.497855085443779	0.3708848997695919	-1.000068469642796	-0.29575307766717723	0.6919619696193322	-1.3087757875240773	-0.5194585593313041	-0.13934435732411626	0.24679692627650635	-1.1437090414236228	0.6648748407021425	-2.04525754554864	-0.3065121242134048	-1.354401041907592	1.4960396069449513	0.08976993609258477	3.6926031186300925	1.6444846396249662	1.5507041398062311	1.8264122988940101	1.1534773997182717	1.695818128581587	0.9458431881025362	2.019346486246009	-0.6153651370297739	1.009491275561945	-0.13338192207846733	0.30415253730248515	1.7218064983351231	1.5029696338562015	0.47953580456203637	0.47010245238004356	0.31855390890017155	0.9827247944907318	0.7086664284241683	-0.1923117867590065	0.5949556588111986	1.4299100372633837	0.02042630940792889	0.823808733480232	-0.3114361339612999	1.1869952563624728	1.8121926590983064	1.3797096766074417	0.2751520663925272	0.48409736711802737	0.978585685602513	1.2474721291531317	1.520832341565664	1.5295829838423742	0.7783221299349674	0.7993577270001311	1.69381374677898	0.20183753885898925	0.5506637949429987	0.11088077906716864	-0.05394901077869785	0.7994587111994254	0.7229472293905697	-0.03291066016220978	1.678966341292744	0.43825180083314486
S010	-1.7234363825795445	0.9755107136800315	0.1342148078591483	-0.9266353121478732	-1.278202343754485	-1.3984844071439173	-0.5245717124764061	-1.1416874978890537	-1.2351736347665687	0.025729061415956322	-0.3316205874762934	-0.9389314692763212	-0.035876385589053816	0.4706284385071845	-1.498871512641069	-1.1059079698511503	0.13082300963854931	-0.04812200988530879	-0.44191537738695835	0.3066624875094137	-1.4938438458326302	-1.8065847295542357	-1.3164803483588707	-0.5252391861085202	1.5502927248533145	0.2715500294443567	0.9652285936054625	0.17388447418001207	0.40265784844131547	2.558576453823895	1.7578274477680318	1.7033877833593074	1.1409664125720014	0.8797683596068024	1.1367239311286221	0.8135267473044219	1.5703614899153668	1.082783037689928	1.3160985467043567	3.29937445776684	1.1556606978978567	0.2877676958893368	2.432764461571515	0.33301794116272054	0.32963362128510776	2.6074873071904836	1.5150217390606195	0.3506188705266221	-1.2322201693096266	-0.4676406383517031	-1.3093402625079844	-0.28601836729919117	-0.9428632557324258	-0.5844983323396062	-0.6838793688348068	-2.797939391528832	0.20186867647705253	-2.320713761746541	-0.9235573110371932	-0.8387594246990226	-2.4288794629178394	-1.3001941142831295	-1.55752937987483	-1.7981254731943206	-0.854853119819421	-0.9160124000310371	-1.0346997244593426	-0.9325527712924606	-2.1863935779463217	-0.7686449280147933	-2.0483195488239248	-1.4381154711571755	0.6556451146847441	0.9291551077858826	0.48462279705342337	1.0457056898396777	-0.42105649848250826	-0.21244605470827715	0.07529361494510523	1.5117798284647845	1.3906203507603503	0.874782214892357	1.1378329277336392	0.9009473199649967	2.7811276177495	0.4397011537776234	2.066991142673798	0.7498126480390587	0.805763413002879	-0.04719837997177356	0.387118280849378	1.166330043449729	-0.30127855618559574	0.3248636258804554	0.5344484551380435	0.13066161050589287	-0.09186108767182888	-0.040587744294697525	-0.2904906000594002	-0.03924691408431702	1.026356095282952	1.371538818201897	1.2785986987753017	0.9278488399331682	0.6407865089686209	0.5860868906814855	1.011566659021087	0.5754853781050786	0.8533827147849368	0.3311194103541164	0.2798608491119338	0.9285688021101187	-0.1567979256857096	2.0499237082847426	-1.3194300454258565	-1.3725353692390447	-0.2894857082250858	0.7566983982909963	-0.5095163331953467	1.2733128223331374
S011	-0.5955434407288396	-0.3484485457925097	-0.7386741159329976	-0.45501733632867863	-0.7625037958471519	0.33529894394373394	0.677238833733819	-0.3430307722673254	-0.12448665702929895	-0.42350007866228867	0.46632695185619494	0.11257081033861957	1.316651499617815	-0.8350516499627834	0.33132797870008174	0.3965190990645789	-0.24702615744547488	0.5081532812534384	-1.1094921398451072	1.7363684039307006	-1.0323095832819096	0.7771717877992341	-0.8555721638041349	0.9620324043326457	0.38222076525557885	1.4356467140728535	-0.42205172681846803	0.47454520577762316	2.2573646303387727	0.20058931132502542	-1.0324255429621014	-0.0013612865095635751	0.07861904410737877	-0.11347714653312646	1.7039535020853864	0.4715717071441652	0.3350589637695083	0.7506586977538703	0.42951526120162503	-1.2397464521296868	0.8463960339861679	0.7441619709730743	0.6171893584190945	0.8933182682442933	1.1980386741911526	1.415745265859106	-0.9759389841912335	-0.30330025943424077	-0.749737658713204	-1.4195740491201134	0.15177996768927737	0.9581304347324608	-0.566077012537303	0.24814209344412802	-0.9318452294297404	0.13523437602036448	1.0141154693868177	0.2979440030546667	-1.1577615688632372	-0.22465201077914584	-0.5958538612940394	-0.5265358687622258	1.2156224365793693	-0.7529754798998445	-0.9261154552219568	0.2370681796812461	-0.9911337848484951	-1.1806349683566482	-1.9632840542216352	-1.360009790180953	-0.8228647622388703	-0.8470969185360584	1.7686145893693572	1.7497635043428859	1.023202171855645	1.5940833584044993	1.6893569947527582	1.0103710549937075	-0.006621395402537589	2.612169664216837	0.25538803405924626	1.9380634092571345	2.912901648138827	1.7008027266593744	2.5221574733086882	0.8473963487202147	1.2523403920772225	2.345782492034477	0.6216171013571644	0.33247018217929913	1.123789341778995	1.3710643251274979	1.26837330883173	0.619365077264403	1.7721206558180056	1.0810536633409935	-0.10875134660816821	-0.5828213528801378	-1.5252073397779848	0.9665501561537138	0.3304798152304223	-0.556237291509994	0.6432917365546655	-0.9730722050375156	-0.8023417732348119	-0.8876778483668422	0.8534802061641658	0.7949841441185057	-0.6806542329236793	0.04520817324544413	0.15631583123503984	-0.7612888080255131	-0.23613256687253306	0.3840306965987827	-0.9399161070848492	-0.01906175322045983	-1.247798502692432	-0.673693855610757	0.16527112021066687	-1.1048196882809167
S012	-2.632849995926036	-2.1982924489090654	-2.2823557700734467	-1.4444434986189982	-2.5822687347531756	-4.698777742625989	-2.9330778066903815	-2.178060916167676	-2.677405338535044	-1.709174093582196	-1.5127691778592594	-2.4432482225586822	-3.516747090144844	-1.2176986866341168	-1.45858797455338	-2.5643836820524535	-0.6384000455246324	-2.6041311427129656	-3.2347265509735346	-2.4497295216396386	-1.462763802234218	-3.074993528672847	-0.7640507124440754	-3.0422517462964795	0.6811611227483181	1.1305279331313636	1.7893665066261732	0.06615829989819533	2.029712922982781	0.2831832568501187	0.6996415371801967	0.5186957789468368	1.0999807880457708	1.7514158155149162	-0.15156972719824302	2.7436722389402064	0.7222873417571389	3.2255914258571305	0.2633058188941637	2.1854312912014535	1.950142187201914	1.3081262891058523	0.34901043622234273	1.1198868083652977	2.5261984566643783	2.1810361839137276	2.182686734329893	2.688365019487366	0.34929128138548354	0.1277447309272329	1.1751085317189713	0.40745422834875983	-0.2521161753432749	0.07225826258609246	1.7623889754552626	0.1511190259102921	0.6421462249341146	1.1225758223981839	-0.42516176905786207	0.6384375385709613	0.36847872217277666	-0.26580580010057225	1.1741969851707	-0.696156995942494	-0.225147107846406	-0.26620534634292214	-1.072963322612987	0.8606386738673913	-0.18714536193916143	-1.0040000861099512	-0.5137396501558575	-0.632219889046149	-0.8444296581936274	-0.06171061069249717	0.5064101035417229	0.6871607096555553	1.3005289564550928	-0.42792753727082156	-0.6525364814092506	0.580900511129055	-0.8600673731546692	0.15534357194546683	0.041985668186926395	1.0739686407850133	0.6993157566155488	0.8927848686996024	-0.4139300755305041	-1.0491526487403773	0.5649456835454363	0.6062931526852476	1.84385175490912	0.08875182749691432	-0.8938444102012643	0.04003814891241189	1.1253999229105016	0.03082061507688466	-1.144762157799556	-1.6297242724737881	-2.0429900260425433	-2.154674048796472	-1.324464559476122	-0.9831183686956901	-1.386071716972789	-2.258706777660864	-1.687585123958867	-0.05520230137177129	-2.5214542951100167	-1.8189488658653865	-0.5580606010879972	-2.3470965782796656	-3.72370796286377	-1.9438109599588478	-1.4578873195571687	-1.590444027387639	-2.2510566897565503	-1.8973280561939196	-1.100674599685201	-1.823010959161899	-1.82294481242094	-2.125033310112465
S013	0.5447461571724466	0.2167782354299959	-0.34203731159880457	0.64563471904166	-1.4186306950271017	0.8672657656140055	-0.26973888710873883	-0.6527398638233566	0.3805475744995193	0.6291275469468491	0.3970446805663475	1.3808113929034436	0.6457891969075329	0.8080136420037789	-0.6506828136737577	-0.1335726422829221	0.2315944019278725	-0.23298545329518064	0.02251652260604292	0.12209214897510923	0.4566034702126825	-0.30007877654856485	-0.49863103624605076	-0.8814441841057863	0.5170413122148751	0.07818947481398247	0.8260158422810528	0.6855729885662638	1.2298545251895274	0.5098249937635606	0.6168079703404985	0.9375803926671118	0.12789470654488588	-0.7397524880159572	0.09970793378339654	0.207243387071129	1.0298131281931986	0.650241330663202	-0.27264917003970396	0.31268688346955953	-0.11083603665214303	-0.26739834132538587	0.7790761559026491	-0.7079364063735907	0.9787771732072625	-0.14665608609009262	0.47341656107627056	-0.19222499867094173	1.5338479674227974	0.9196376853930872	1.3824797585388597	0.5789419889101645	0.7764068299069888	-0.32177347420994046	0.9600074308199746	0.12287931217034537	0.8063705076231293	0.3045148981532842	-0.4436789050539142	1.6394241158583807	0.10340631063876432	2.137500456267943	0.5478475033582284	0.5022727884020272	0.9034888408085386	0.9819114952610686	0.9714451642407831	0.4621831079825749	0.8510955726147875	-0.1602459350896291	-0.532320232072611	1.844376225615884	-1.474365490854985	-1.059119574378928	-0.18151909245307007	-1.838147845108495	-1.828498119187688	-0.3519342768839273	0.6894846710571025	-1.0234088017987744	0.15986948916749677	-1.6348518600754844	-1.3332689278862393	-2.1255745658425775	-0.4354444187787483	-1.3881830734102676	-0.37290292480549525	-0.11903431086164085	-0.995296872845979	-0.08688046591120657	-1.8014495535849124	0.49889137199330125	-1.5211349702724173	-1.124198377279232	-1.2928589102937567	-0.7898883340755656	0.02361517491427395	0.1710581871749443	-0.40234468716364524	-0.9159050137025407	-0.3476274171387583	-1.0349224307235891	0.15746269053707035	0.1854923090895375	-0.5419905191670854	-0.12184544640497735	-0.665307463662739	-1.2712624558608632	-0.00513071449875635	1.6398929085554916	-1.0848094641863257	-0.15165707106831278	0.5748981166444522	-0.13145542657193948	1.7893170321739864	0.3764562615748285	-0.5095869855902644	1.9807283595697285	-0.4963730036761766	-0.6175845275540296
S014	-1.9592968081668825	-0.3079499653760067	-1.3135281376550272	-0.6163554423806307	-2.283802024327267	-2.7964454335244113	-2.085183932053036	-0.328609373245461	-0.39144899538709754	-0.9802800609713971	-1.887647067381033	-1.3505530605057487	-1.4841193310922112	-1.5218896241293185	-3.250766817105571	-1.932252056022823	-1.3979980477988534	-0.03276871540338977	-1.1173164999476697	-0.12520031824281896	-1.560876474260622	-1.4480618122513116	-4.365448331296537	-0.87524667588745	1.5575073163984232	1.5833812450531646	2.7634786782378975	0.7292009287531487	2.1815823996471733	1.5724873902690186	1.6817777469156905	3.5460476478666187	1.5265055731526118	1.4976450167936588	0.8499324361623128	0.591228024978681	1.8942243510291188	1.5390367724813565	2.640066775645156	2.2493929752587443	1.3592107775351305	3.2621435349090975	2.9669475355430515	2.1025537656558604	2.7142206496936945	3.457678424904466	2.4022656221884797	1.649709483474993	-0.4474000327978135	-0.8433653294763772	-2.106872078896152	0.12722123915110062	-0.9068544830654486	-1.959884249282426	-1.1824156192737778	-0.28785939405642724	-0.7161354912320597	0.030682617040410864	-3.6223842251998764	-0.009257513476886414	-1.3492509972117148	-0.6179967415696159	-1.174490702378852	-0.4658542066378589	-0.3297814278806227	-0.03799888033819643	-0.757581204074526	-0.3142100233423001	-0.5159397937658006	-1.4327010171402004	-0.9447283747966991	0.02610474818636821	0.018752760155436032	1.3686557219442124	0.9237331769597906	3.1342542599083036	1.1882809273566803	1.1022328107562391	1.7109433023899951	0.17644964231810367	0.15991869472899456	0.46674030791569787	-1.2939449345035752	1.0770947734876637	-0.06465910868806057	1.875476971509069	-0.42606577975259374	0.7493318525399005	-1.5595848065470062	-1.3155268602328656	1.3447498804799745	1.2894161554522736	0.04308710864124432	1.259206350332224	1.0144953016136204	2.3463566654403847	1.2886451992539865	0.8586089520733893	0.733961773825428	-0.3132642958643614	1.2115075436656153	0.17345486332797097	1.0970649934285384	-0.08798142395949266	-0.023655478706517463	0.9487613169288203	0.4659177963127046	0.3724480834622727	0.36220959311928985	-0.12827668935928438	0.3502458449864335	1.4131640737267404	1.5227453419810857	0.7765861170978308	0.23613584974225804	0.3710269948546524	-0.2130872225401929	0.9203131406872407	0.9860670114505625	1.1843611541677064
S015	-0.2945908256319846	0.6787399009440477	-1.121676323337715	-0.6569440297458145	-1.2966897184803183	-1.6732730066396768	-1.3027537280930184	-1.0082661739720815	0.3520830682323993	-0.7304980726447491	-1.3647032024377523	-0.6187650921100651	-0.5582102702554241	-1.2732529994834203	0.18231954660022398	-2.2429464674847717	-0.9031030571698409	-0.2002145022000552	-1.8030133702849356	-0.4432643557887502	0.30204708545159253	-0.36933034329787706	-2.084395309084993	-1.3148233766516506	0.6935994540270162	0.7388044128576657	0.8219022112261055	1.5165085763995165	0.8539868473150086	-0.7218076788251949	-0.040570122340369386	-0.25337807629029097	0.8834577058475832	0.38494563008341665	0.8819851659919393	0.20435049612966366	0.0171673574329283	1.4137019895202632	0.9222455417643035	0.4083724481438209	-0.7304858683069037	-0.4294272274691714	-0.34765532369861263	0.5508935498699904	-0.16704127253570145	1.4558724025931529	1.193778962060176	0.46789453572806905	-1.7929196620227252	1.0660749728112782	-0.24143853405935506	0.6645787212995756	-0.28002242367266555	-1.2871363010506582	-1.3843676211234546	-0.6566755256106415	-1.268358564631812	0.5066017616577622	-1.3503681664058542	-1.6206720515833049	0.5506091517179891	-0.3309674110033842	-0.9564760579542072	-0.7118725738811231	-0.31667230330292423	-0.2316595679870187	-0.4890193942860924	-2.2264677137230464	-0.8815371938004442	-1.2849932151410428	-0.3516426310390872	0.11277968380247913	-0.009985418833739157	0.45750144373233326	1.0702925021119651	0.6207327782507556	2.522912683966875	1.5288013458888003	0.43490900901771057	1.9516593379657947	0.3125900041739442	-0.6048186317908363	1.2376190017877964	1.0476975682598813	0.5191195627633671	1.0939886127539897	-0.6737063963088802	0.07580664841137941	0.6175809682436685	1.1245435152973924	0.9251034783572918	1.1063420096461019	0.7419706099957011	-0.30266926600636257	0.3040102771134458	0.2151368035722262	1.6055414203294167	1.701756382031191	1.10239003350883	2.5932734058497147	0.971564585085473	2.5603722908348154	0.05089270093406095	0.75019138801463	1.7068048019349733	2.142600114805726	1.7448858587655889	1.2198415967330447	0.9432245835919956	0.7731936588281654	1.0535764208899296	1.4135246471208467	0.789462564109096	0.7272275340557309	0.8775468506094215	1.7504117910032901	1.3145181793814775	0.12956660730503877	-0.25086154641266	-0.0915671811346137
S016	0.4415837391461007	-0.30559078680507457	-0.5521461336492902	-0.1912985070849178	0.03258017714739103	-1.1110311721357045	-0.7765790469156741	-0.42992806312385423	-0.9794251602871704	-0.6510202296871135	0.49403842608828463	-1.3185148746109545	0.9970711844508027	0.9592165190482791	-1.9150105332287584	-0.6570771149477279	-0.2701057271407664	-1.152955852862453	-1.1371233858050929	-0.7341915402449469	0.04708348683193042	-0.9533260540149855	0.9170960664387835	-0.31227978098648423	-1.2386794796289218	-0.9593710843410018	-0.3244242583960518	-0.5404523640377219	-0.7271407894110544	0.38105596762241123	-0.8369648115426136	-0.6677214534638009	-0.11411357338730677	-0.34065453157183934	0.3073779158192548	-0.9511401484203957	-1.1802408054842926	-0.03099185269108795	-0.4553006097031824	0.07625192696030803	0.020130174881801355	0.008326863688300712	-1.337346471181358	-0.6347024361680417	-0.9889253427339479	-0.9308555696575701	-0.4586108905929452	0.6554390052565359	0.5524999357809828	0.38863149357633087	0.4462100758642663	-0.9430349288260595	1.2229736025179645	1.182285973464863	1.1425006570410599	0.7900269105513595	-0.11035378503301674	0.33219265848279494	0.3903789324115543	-0.08581195202904646	1.824584373318188	0.9387426321847505	1.926207938099612	1.4082742907851595	0.8380277573325202	0.40054781735626066	0.7223404821799043	0.2376220467818292	-0.11236440835202754	-0.14752040291775215	0.8796678668966462	-0.3776802798670884	0.8407566212145816	1.3030855647688715	-0.13749844629567082	0.054078952457355334	0.42110327400762954	1.593077485766297	0.876263687850432	-0.05100098632637756	0.6068192401094405	-0.4462261641823145	1.5185885065234146	1.4607964389283203	1.2013240043194282	0.037290278987831715	0.44784454371848825	-0.16281233147091118	1.8469176863239902	0.3159783281331825	0.7338867603386984	0.9311428153922887	0.06552109891257935	0.916411171529402	0.9713742993391719	0.14693496247639048	1.4052281976283827	-0.0746930838991735	0.3707137933513989	0.31852253473445924	2.231947281419365	0.7115276778327927	-0.5000709371829163	-0.018703997363615055	0.3121711534963798	0.31277913958428416	1.5678039021316152	1.672377447958631	0.3517584826543676	0.376676611613525	-0.20563561769218042	1.7260280913147505	1.4079090770733926	0.709527072339275	-0.3328163823681295	0.397508187728991	-1.522176384972548	0.8301016344322537	1.212167657741375	1.4768670688607055
S017	-0.39836038363581355	0.843107591736012	0.18472479967912736	-0.020870735819095432	-0.5812124625847745	1.1348883347450454	0.3331571154228349	-0.4790292251249244	-1.5780594769153176	-0.017938922959617076	-1.2312922300504265	-1.6890569177758112	-0.5396213607433659	-0.09112327429665668	0.7096848305773771	-0.09033869614095544	0.328515465367446	-1.2970063205476783	-0.33432589834320026	-0.21693110092555046	0.37349679132677416	-0.22345161762434068	0.3269630101267439	-0.7196595545908617	1.8555303958417042	-0.47355820281816985	0.152113391492812	-0.4592173881015291	-0.43911152588877256	-0.03152710426173905	-1.1126647562880425	0.47235219327144634	-0.7173354313736054	0.04481078215551915	-0.45404262950526997	0.7283075698257115	0.8249397009691487	0.6683584805485364	0.13656014564589028	-1.102897229363987	-0.6630708983587847	0.5385541940816809	-0.3032761513089553	-0.07193997401030416	0.5959843596589902	1.8750408155298723	-0.41163356587655	0.530016231754351	0.5471563387382816	-0.4502931517133951	1.6666503759270714	0.589982430671901	0.5136242048034387	0.8919719687583001	0.36225226169813324	-0.3963573990606991	0.31424696493156135	1.8642448172678634	0.9296342135259739	1.5964304968366756	2.6961172820517527	0.8964742760138062	0.5482975053863509	1.7169465249813944	0.749946682020024	-0.13567962630554564	-0.37122262368535097	0.13072262728682704	0.8983820631134386	0.41738076004924246	0.3831990747582301	-0.24751587081673843	-0.3518447595099585	-0.5722368929361078	0.6439173299107895	0.601075526175839	0.3780485543250789	0.509666170709873	0.49952193172661585	0.24657406928735093	-0.2536659861836539	0.5588760438530501	0.3526899127260578	0.31427460278786656	0.7339051324536834	-0.5268364841312376	-1.4676307738076888	-0.02804225943647594	0.3963678672521197	0.01759919405865963	0.5790282259574056	-0.3348730621579813	0.35110808301876817	-0.2677863638701407	-0.2129500296478679	-0.47449487962822834	-1.0338035959298923	-0.2849334626899449	0.03002742910066636	-2.5043612918786358	-0.4681619124433781	0.3028409498775353	-2.7535790190312714	0.08237302978298922	-2.289342371731335	-1.6711824926385042	-1.9390517509989278	-2.5645622421775043	-1.6313324747095939	-0.6510099867629338	-0.07281278492353405	-1.955675334573602	0.6611068480887807	-0.5475260065550004	-0.6995650149189168	-1.7205464649429667	-1.7584460360561465	-2.0927448364531633	-1.5234164108120092	-1.9553112339841894
S018	0.6979944613446583	0.7435236573776713	-0.588190043295188	0.552061439228247	0.15534051481300742	-1.1116398225186948	1.1783558804872514	0.12214359213069198	-0.2702815101265559	0.10977714141908113	0.5221907788927899	1.6179581238518448	0.27888397396917075	0.7895565339409412	1.5104940378923424	0.838470961393167	1.266481862309166	0.030422649213368347	1.028469997553315	0.36524973631837876	1.2711595263654765	-0.3912171212195795	-0.21201566622006296	1.4266157945384388	-2.198528957312165	-2.642657406459455	-2.017539391388213	-1.9440608874286687	-2.0904719957258466	-1.3348978692193127	-1.973412984001827	-3.39155337034635	-1.3197284244219243	-1.3571821753097262	-2.889967287846092	-2.2826919272863817	-2.127460501858386	-1.1994955073900255	-1.942334997539616	-0.981200283207579	-2.3478294391669694	-1.059986696134338	-1.7403799430500033	-2.038636185854362	-1.0750983268100107	-1.104844956830807	-1.2814227821276702	-1.8443700947023933	0.7485030827968882	1.1939222079979086	-0.3264366561760481	0.46541205643286454	2.863386471315201	2.0175097079226787	2.1703208266017064	-0.5079595785402522	1.030476701211676	1.5197582385953008	1.092515325595424	1.8284699188575693	1.4526544361870182	1.597716746279185	1.9618364016899514	-0.2508442693518189	1.411512494009114	0.19956143672270754	1.4868019267406372	2.1862631456753627	1.0716648789118643	-0.1392672029946247	0.039167149913800214	1.0985722037362124	0.9286037320380511	1.1084498783691366	-0.6880810018796861	-2.2137887356849335	-1.4490458651435614	0.07835745611745934	0.3202683439817605	-0.5396770885740867	-0.6242675963127996	0.00017473865977812864	0.470356118666006	-0.4170086097298197	-0.668117608907685	0.10058329517891365	0.20238717639865403	0.010251460614048052	-1.1084902154924168	0.6556108557406286	-0.30133029440620646	-0.8895025897524605	-0.09303234209264849	-0.8860540844847999	0.19610785347860252	0.5088225672412208	-1.1388854628241265	1.1065526735415505	0.634227198793529	0.46993613244034604	0.6498232707854236	0.7408748438938625	-0.004530772795620197	1.8157192270081395	1.1077054487562221	0.7293494869136801	0.527182442165745	-0.3110180435348756	0.8827745810004777	1.5045797704903083	1.9184612190536083	0.632194711621213	1.4233984201711405	0.06818149148695418	0.3689113456721389	0.3520512093953909	1.3020504880784323	1.5213941049079924	0.4277441387184474	0.6212486227518532
S019	0.8856461913871821	0.755344852079102	1.104571304922869	0.49091540356038865	2.108066464267126	0.04318324810195362	0.9220349707543536	1.3200755980045675	0.9589557141894278	0.40068333314837246	0.34780201204066086	1.3828289100993365	0.21812900930931667	1.55950753401471	-0.1768053214735561	0.5985268920693302	1.0715581873384745	0.040791814686985006	1.5641220602639514	1.0276823187950757	0.2136544241710434	-0.17259721435763886	-0.20995812765543498	1.0833405255469406	2.0483641045373018	2.166070454466283	0.9621948496465255	1.297091239385403	-0.0019379928240015332	0.665662983640987	1.9899479697016214	0.4467318365419939	1.4782751552130666	1.18057855131188	2.5259441697248315	1.3226095639209439	-0.2906167578875696	0.8729525474189037	1.5489563430433941	1.6970429593160885	1.582571007079196	2.2274035088207436	1.4132181856387263	-0.3039011275338075	0.6994234220287082	1.3801773004215545	0.6637163591597718	1.4894644043959007	0.022861358230408912	1.810415882915399	0.2929340619350881	2.0024192802972918	0.5176898491450452	-0.3599802360390215	2.3109095978325094	0.28936789909873123	1.7238985220040544	1.71151487896711	0.4081745482080804	1.0840505371035478	1.3167514624323289	1.6388614156301657	0.31754668192716046	-0.334308356977866	1.4609219279155976	1.0026311794459875	-0.9611397901471489	1.3839403482031547	-0.573013752105738	0.24466632195327592	0.0570400891977379	0.30617793965745205	-2.224157861862638	0.163704383512294	-2.0869177280317355	-1.3571841125532498	-2.3718957724878926	-1.5321427633981368	-2.5738302804350663	-1.6685226720126516	-0.6179265885261069	-2.957365870816375	-3.0427678190993515	-2.5517332665582337	-1.8103020461662986	-1.2653451678132022	-1.7049708514882824	-1.1399631745497882	-2.043070563061068	-2.5269421632190805	-1.7445066022975486	-2.812232868922348	-2.2447876054468803	-2.0762360352130775	-2.93420937172785	-1.041580951027004	2.4157473811417063	0.16743974912946835	-0.4962925504649671	0.5835852004071538	0.35875565838001877	0.9414131045027938	0.9469308417471605	0.4444098305750802	0.9079426375808701	1.0608323664589119	0.23080038923560586	-0.3740037541487634	-0.2530578118050695	1.9447488970314621	2.265605909134396	1.0058095295434444	1.9611408073370191	0.0985295811576028	0.165755449900374	1.1439387766240472	0.2230639196305781	-0.024323815080865785	-0.037931825712050005	0.251498144257273
S020	-1.0539987485972617	-1.220438343529996	-0.3135154113378028	1.6934657569383929	0.09349762604273151	0.4818004038564465	0.04164001407087642	0.4978510699428347	-1.2030055833159967	-0.4729442390981022	0.08054601354399687	-0.14286811578801248	-0.28212923903370735	-0.6612355267383838	-0.3352411451073969	-0.7478929220570995	-2.066001074831859	-1.0841414163085037	0.2519876881555176	1.117127701593268	1.3223294741149154	-0.05113326799306768	0.5861722358112733	0.5978476656245448	-0.04637685009066711	1.0167907436627772	-0.8378042487184719	-1.2349604667309886	-1.2771051366819546	-0.6539779294918393	0.12694724939343222	-0.3985448324022078	-0.8247674835162647	-1.1601114660215	-0.4615510753507349	0.22266726713995144	0.6189119280030506	0.7254863703669178	0.29490067826972466	-0.0301145273052974	-0.7723079463680377	-0.02442925376214164	0.9136741384775031	-0.186925466393635	0.3229319786242729	-0.27138314564292726	0.10555638405773698	-1.0141293820030393	0.08929843693690992	-0.6313475162109734	0.9371071381645588	0.5628865792394124	0.6291219979629785	1.1355145374927715	1.125602130671938	0.2800328396172367	0.27259107776908986	-0.3365026520304973	0.44371194370244477	-0.12089769628323815	-1.2745592192678068	0.47832215501162983	-0.7072373523299293	1.302800088606	1.5989387103177493	0.7212291044020105	-0.7145953369956834	0.18920034097461425	-0.6971732161703412	-0.48568687777469094	-0.6047978594233585	0.01758522891610398	-0.6705357275994999	-2.40446056281245	-0.4708829792703395	-1.380970087323513	-1.4379386868465598	-1.0466555668183828	-1.3818687118212447	-0.0173736331578358	-1.7460744713063734	-2.157404350002444	-1.7695691974208676	-0.9939465825002873	-2.893894973394374	-2.039887408047262	-2.116185556205856	-2.9191593223284795	-1.3590881762161957	-1.4707105520239439	-0.8716960679972048	-1.2419079627865155	-1.980986462025127	-1.8571872140733459	-0.4037160403167468	-1.9088610565637878	-1.5933331326952207	-0.49719165593643766	-2.7165219992426097	-2.248141603276812	-3.660676171198732	-1.5050992407697457	-1.6793878774687858	-0.996460006441804	-1.3534960437355634	-0.6917409414594836	-1.405237052621401	-1.9513203617121557	-1.4980654181479907	-0.7739067125711678	-0.4603303144563511	-3.0185145958775292	-1.9871819275674374	-0.7967737801127306	-0.6926015270955166	-1.1839388997537519	-1.4427009482689281	-0.7148049680047927	-1.5094769271328643	-1.7105173778816507
S021	0.812656123455226	0.008111606181202546	1.3911733260335362	-0.04329732724274482	1.1105197801858244	1.8529571399811806	0.23040788006968382	1.3922997776949952	2.358477962796938	1.6556734497664567	1.784320831149429	2.091855801603082	2.75283392825463	1.4876019359282353	2.3500641596961858	1.3151280974797466	0.9295284182028984	1.6183202462437378	0.881813192156349	0.9079600979364335	0.8802709661958884	-0.4698758858768475	1.4508630526781632	0.35539518367331135	0.2082011751557633	0.44610622468576233	-0.32536144812538126	1.9206861051089041	3.1397289356924105	1.0658636925457297	0.5976687859491708	1.517409164154042	2.5084799379819023	1.3052122406546647	2.2601714522339753	1.225203197961912	1.4190308017135755	0.019739272599926583	1.5125658820939807	0.48852304534658764	0.39488603341858997	-0.020493117529103655	1.7134097153224743	3.061091330668975	0.6561618637934404	1.0171401439826837	0.9443415603289601	1.585724827945455	2.2258700264635336	2.084043310602958	2.3912848805061535	1.329193276872553	3.04425210609096	2.987937718497769	1.651912113467696	2.486035393884368	1.626918523172689	1.4754894716284177	2.099032138439734	2.8990615420380217	1.9484246665646745	2.3681948344847936	2.374706565022355	1.073900162143321	-0.1340336374477591	0.9983965671464665	1.655758687715694	1.4965274396864992	1.3793294272718981	0.6896439005384292	2.319252105954811	2.977583749353871	0.5873721491827383	0.14902658723562612	-0.478809501198214	0.0662720467614948	-0.670346852237303	0.8577254854910685	-1.3326530485454147	-0.15722430958740244	-0.7098270897173575	0.28879032655704073	-0.4400911870054428	-0.4527487055180565	0.3177008272879968	-0.6347956110132821	1.0285385132021188	-0.23030155659944113	-0.07171667276372211	-0.17968191457154142	-1.6062208360073513	-0.3145516337881648	-1.4265541665936377	0.5086594884632254	-2.020416128892445	-0.8589475141423443	0.03284192136348907	0.9166938920386302	1.0707251297825322	1.0080862339201988	0.09870641079768946	-1.8548499324151342	-0.11926408258396616	0.2738238380034118	-1.3296786152380187	-1.0511433193210895	0.8550343726742312	-0.5010395459279915	0.35530836167389523	0.6307795532410442	-0.345847908110578	0.9086773610797342	-0.5486081690238769	-0.5764189458698705	-1.1057863609886878	-0.29350608187496663	-0.35029258089138343	-0.260085923399219	0.10516238244661888	-0.4797182724488024
S022	-0.7510099700212355	0.49478035090124883	-1.0819949319724458	-1.0988020002445953	0.4259328341148231	-0.2281500611151745	0.11602700439550084	-0.9494276606762082	-0.06672810318987155	-1.2141295448120555	-1.2059960539841328	-0.1881992509225604	-1.143893210504793	-0.05149983889145049	1.2481529548568253	-2.0141167030444422	-1.2669581743836096	0.2309222719875258	-0.7812572090811924	0.2636772063474444	-1.4732460919929395	-0.40011933124023713	-0.7856397277448893	-0.5528980951879395	2.996134656730491	2.1799941901353055	1.8892185173855427	0.771468373736629	2.715545800969572	2.2727616483057553	0.7631589622181596	1.270115850166047	1.4204155110773864	1.8526022846071775	1.4913042961086456	2.8314710479542833	1.4483520035547892	1.8052467996376722	1.3721274922638413	2.762038819329588	1.8645183098260392	2.2136152900236494	2.6514828246337863	2.2011435479763684	2.0958647144939424	2.811025870819612	2.509083805745141	2.3020558782238214	1.043792053304291	0.4012339593411469	-0.6594556945391383	0.3705212187485506	-1.529266645884277	0.6574355219803891	0.6501406089190951	-0.7405933465461736	0.18327690372153102	0.20068798734349458	0.06354761731708615	1.393726349551445	0.06609280497466576	-1.0122282385450778	-0.9985395501836334	0.850223720822588	-1.3249434589414402	0.10837574459089977	-1.2958788068645573	0.40899744831756024	-0.150778112217192	0.7560407802087906	-1.2352539213590954	-1.2448588923152988	-2.16941341963986	-1.1002510798697844	-1.7785173239508656	-2.61696113837532	-2.7465078766142637	-1.9972961489563335	-2.163718413697353	-3.677381553969722	-1.1110687002347701	-1.7430707192031587	-1.9635784993753136	-2.418134382828722	-2.778528386479178	-1.8042621589499719	-2.632916693080188	-2.386512611731589	-1.8721470885828664	-1.8807347226590014	-2.043786539607755	-2.110997493182842	-3.285946707959003	-4.147282931694732	-0.4921953361358986	-2.526344469391984	0.26089211931492695	-0.8354311747222	-1.781117390267648	0.35959805014861634	0.16692133354044147	-1.5911681251256597	-1.4969320781231699	0.6954900343218283	-0.4114031613839062	-1.095030804164825	-1.5970349623999254	-0.46871278606968536	-0.708054670883626	0.09682694308906181	-0.6071791461242131	-0.7231016398815495	-1.6150479225820917	-1.9106149432792496	-0.13436714642172554	-0.7415978182492152	0.7430935785428273	-0.4837010128200515	-1.7206938560130989	-1.3761385446124028
S023	0.6164028853373102	-0.6244950200317454	-0.5077999181944158	1.4709052756093581	0.5860810393577842	0.4365871364551216	0.3162502920021771	0.6367440690579134	-0.5732393214313375	-0.4477117954233	1.3951166678581663	0.4725302475707503	1.0317507690162468	-0.13302113544399896	1.452890374380464	0.6277327943486348	0.7365067254930884	0.7904935402656441	-0.28609732140468436	-1.1410666206270288	-0.5083320635750622	1.655928356002109	1.3920572463494088	0.07397297571064365	-0.2974173795586551	0.14090964650088517	-0.5648861473895492	1.2069476942054396	0.23745062060463193	0.3706969557663171	-0.5026163754136378	-0.1681069923335238	0.5626496769099063	-1.5489041110274357	-0.2060101313978029	-0.5029910303872855	-0.8967520832971515	0.5547653354708837	-0.6039127334994441	-0.8210920356160922	0.8113524246477395	-1.4926871476333352	0.8372725326285823	0.8633513711855644	-1.625135950353125	-0.17194042245647972	0.23989526414187828	0.8246764832038439	1.4087353618249536	1.1966722008341546	2.6094674137601013	1.554237641851022	1.6801064286178555	1.4003066488326539	2.716262489727213	-0.1241545739026384	1.492254836641737	0.5434288241428125	0.32872692413333127	3.153418109237581	2.669839949556178	2.4364197095603712	0.9762568957044336	2.0458687378609453	2.0304394640430297	1.6737300782797961	2.181976622810907	2.5567373719291284	2.242594377695677	2.678244613934829	2.528303588002288	1.4400074781794576	-2.5756787582963936	-1.018297199875775	-1.9190557948256621	-1.0965825022201932	-1.2809596375728853	-2.3953626664906085	-2.2959014018832558	-2.49586638973661	-0.914779144629827	-2.3858999034627884	-1.4960040728574246	-0.888210808255933	-1.5857553622174614	-1.7257546538973694	-1.0292424921415657	-1.4279870880532437	-2.912958647924987	-1.0007210325906581	-2.4335634481813013	-0.58819315141464	-1.019549044018647	-1.9271678242362662	-0.7818723290744918	-2.4636327852465616	0.09126372994231696	-1.2351145270481299	-0.4786874849804383	-0.6171698342002885	0.4239908822024072	-0.8682996133194081	-0.5695269366195729	-1.603884893280534	-0.4192445281955514	0.11394934293558157	-0.5160354781231098	-0.576036654484444	-0.6705440506461571	0.08101032419391485	-0.8823735265837667	-1.420813026051962	-2.112771010761949	-1.1584490713725561	-1.6724067831392535	0.12677440139027196	-1.4717840591979938	-0.7548453885160984	-0.20060797935149827	-1.0038844879537359
S024	0.6621291200228925	1.732754883440491	0.7687422834489397	-0.13593771445281433	1.9159046557287374	1.285213043982954	-1.1096015903510321	0.6529180972279065	1.0184063442792801	1.2884676432988393	1.0251911331011168	0.39487674385690896	0.8108629464278189	1.1393104360066888	0.6890669131605952	0.6059496058868428	1.9051373325836622	0.14618403343640674	0.6238994047638788	-0.7215450287874633	1.336246152412938	1.566081749529317	1.3422596477290762	1.6376081716207915	-0.38619066954284426	-0.09439037220419921	0.6339375746572645	-0.6831384041920318	0.5039516477911701	0.9223331274439444	-0.8007196879381534	0.27776104393504464	0.10066707492181222	-0.8020918263495057	0.15965524577398887	-0.16788671491848828	-0.5967621662013841	-0.25070077063455287	-0.743331487220671	0.35678909888266563	0.3658964033705144	0.643494925983293	0.11856354431350233	0.2070419379764402	-0.40899689946304535	0.5595018452391759	-0.46171071403020053	0.48996715497150334	-0.03972819919001863	-1.4489201093922626	-1.8055999975104196	0.34403411752175794	-1.2349298623208111	-0.2726072609903534	-1.0793706801035605	-0.490633608065113	0.5349951404682807	0.48182078763941716	-0.6305687297911277	-0.10579651179201033	-0.7039999411124154	-0.11590948637239895	-1.3090706841490953	0.21836354383096845	-0.1960690132964184	-1.1202524893469112	0.4224079879570788	-0.825982751241976	-1.5620246545829068	-0.5376608750658148	-0.3130778342628453	0.10419793338005201	1.0620287480295176	-1.5436920991316032	-0.03186974082910171	-0.11062479853765303	-1.6127524837189988	1.1703956980379575	0.012420106444003043	-1.3937954980729546	-0.28028715678177885	0.1570225280368991	0.31066832037023806	0.40110028562081934	-1.448277506375055	-0.3488422587926353	1.2104989712821186	0.25392198045030434	-0.340610016810268	0.08131642125886035	-0.8300162003182683	-0.44154187787375837	-0.20536278354937143	-0.48232369426968863	0.7152951558131129	-0.6884107038437426	0.9383361146225533	0.7918069058479422	0.6091780504518904	0.2813340301538134	-0.28885950597971655	-1.3259469395817074	-0.09700618602490763	0.9926717151691005	-0.8454484750849651	0.2500815906812488	0.460531615668633	0.6766804105597088	0.6295052126883695	0.9978961019273465	-0.3550943153186823	1.8354191771153812	1.6361725265291003	1.5235720230777776	0.8742717639515898	0.9528087082724777	-0.8212780676129148	-0.0031384037009953847	-0.7563569119541704	0.6998777055177406
S025	0.44657769357172333	0.36802461052360436	0.4731699513512853	-0.11983444780174694	1.0446745878379962	-0.1848453542504509	-1.0758692423632796	0.7738391886556353	1.5745745217220601	-0.6741085976716303	0.012707394086589288	-0.4543413108135472	-0.21045430234113893	0.13088667518460098	-0.8994344644640605	-0.1281106392529553	-1.0787616113450351	-0.36056981259230786	-0.8548434254283154	-0.7532362618072409	-1.2819162467656853	1.0694959687469816	0.5012595655525158	-1.4399589370043209	-0.5172002716947964	-0.7704497593314718	0.16075166360508952	1.1566454880565407	0.5338437853465868	-0.5104858180618876	-1.2626152552264842	-1.3532763249782405	0.07323631056720295	-0.01996763699007767	-1.695006359146681	-0.2781274027851728	0.7105975168585492	-0.17146600938533568	-0.17688474415402322	-1.0791489648939137	0.40070395629845657	-0.7163621203892114	-0.6072472852226352	0.7659381117928498	-0.9615778954512354	-0.31301571559458935	-0.15907832860452387	0.15715452281711445	1.0465659332192352	2.0484637936113366	1.4920454556489646	0.5817876053090564	1.015797525657751	2.325773884321336	-0.2838163123998634	2.1703828784005212	0.6197661177654165	1.8475118876068364	0.7924514078010076	1.8609212069638246	1.71849655078843	-0.31181874731061265	-0.24880370022880682	0.8157546722635554	0.24498302694674656	0.3175798198388239	1.7958833554202362	0.7171527844769274	0.6063999569314567	0.7310757904496248	0.26746964354375713	0.7119967987211083	1.6325630992798137	1.4094085157293201	1.7494594222554913	-0.26902830882131346	0.8230136305037586	1.2839126173671447	1.5388112962401854	0.6365818994603143	-0.48092970602197926	2.030874572197025	0.894536628981274	1.117885396905239	1.62226574282827	0.21307848698293375	2.212963772318104	0.009754174899897716	1.6593724566182095	0.4144414610853462	0.6568577515368207	-0.17341191348768992	0.5603602812439334	1.5768632659602735	0.04377816440506144	1.0305239977872898	0.312521884509382	0.6081182388470889	1.7849035979507843	0.8364914482301953	1.4991892604738528	0.6909710884634646	2.182602819046891	0.6363729022555298	0.5151309042677852	0.30604601158569356	1.4395591647990296	1.4697492931847425	2.1224175772433647	-0.075205154158142	0.9423292944980858	0.49992208084765066	1.6869638819319792	1.4732627590150793	0.33684358848443596	1.1723833188386523	0.665165900904138	-0.2570176764890255	1.1858300833235251	0.05240099349165406
S026	-1.220961324592109	-1.2798501292762676	-1.2962545518886859	-1.9010060593989955	-0.13999067225904427	-1.0601902777602077	-0.3689801217621975	-0.3220946372206666	0.3568569999829012	-2.1953970715483235	0.6473824397861561	0.27155296975917587	-0.2850464554854031	1.1633745340334847	-0.5795163710120234	-0.08631611649763382	-1.3342304343681761	0.16398667700765412	-0.6092384735758768	-1.1044593652386456	0.9500521092988925	-0.9873389809864739	-0.7364101872669943	-0.9013232152147111	1.6033655188243485	0.3584178697485899	0.7907887883837408	0.2992454197171601	-0.9661632355306258	1.2629606940280165	0.959032702477743	1.334170597410852	-0.46856050207969985	0.4866273527052472	1.894111253664362	2.1368516911644573	0.4333876191666809	0.6099607817306736	-0.3948985694604132	0.208378069636791	-0.23927661932923366	1.2097022617805613	0.050435497358902404	0.3000015925450457	1.008638958683881	0.2674897965042532	1.2048326590694476	0.2383909390408678	-2.1655888531380834	-0.1086867957840465	-0.3717255790410612	-1.3903725460710432	-0.49165384879426044	-0.9086414201288484	-1.5918561848142483	-1.4737313210631753	-1.5702713057964326	-0.09388204426931734	-0.6458385452656923	-1.7622750077311198	-2.2510660851085422	-2.1836387002232627	-1.3474150015838595	-1.0228090517537867	-1.1836477213836107	-2.1480270394402834	-1.270666664421497	-0.8044444106416512	-3.0863029727769904	-2.3043423887757326	-2.317781264944683	-1.8669278935399545	1.0906063601057487	0.01778896728895707	0.2936251033811418	1.1538642329856215	0.25504401751739714	-0.05237356714987729	2.30134247336727	-0.6009063585718735	0.9299197185321163	0.3013813097315545	1.026431726601673	2.3956463655454767	1.111339713276424	1.2414171421447506	1.6697452415898386	1.0514045062786328	2.2082476648931006	1.5773675740859687	1.5745928495907373	-0.09698723552907129	1.7591481820690995	0.37088202163105866	0.5383761019575688	0.6866293036185449	0.12639997700350958	-0.09517937270820243	-0.7875431261326544	-0.877092064080567	-0.02367637627179897	-0.45700561543890383	-1.6185942760700947	-1.1224832783577647	-0.6902527884833558	-1.2006820104124498	-0.6546978005661326	-1.0321461711308002	-0.34454792078555957	0.017372965718756794	-1.3510198536952929	-0.3274079377384773	-1.5598927912328335	-0.26230167633796797	-1.5225349774359704	-0.553668596955341	-1.412553645539838	-1.6451557953671712	-0.5174626044521444	-1.0147654976679454
S027	-1.5262621068476045	-0.4967074558340768	-0.3309976932722346	-0.6382273540674392	-2.810187985414368	-0.11532777351995127	-1.2019160561168944	-1.8947841057698644	-0.4391006090176397	-0.4714458399593291	-1.7561843380834887	1.0562231668076327	-1.8894266157589397	-2.308127539765984	-1.8450625172970727	0.2149144980536315	-1.0624107568212322	-1.2193707265369729	-0.9714515531650814	-1.3990165025914636	-1.473936106920076	-1.4346977713027704	-0.3553609574844816	-0.10536066772109343	2.8154642475656795	1.4072181497788727	2.2027299217590817	1.0360156741086564	1.5261428737312337	1.6259871080591854	3.7627629843246	1.3694875029745959	3.767036526798678	2.7446882595190805	2.585944317035416	1.6330893158235327	2.86768708734861	3.7261653739500105	2.9995687535331492	2.534651369668579	2.2774277142020467	2.7690679315086326	2.343773259607164	2.0506389088149826	2.9126906168111173	1.9512799847975852	2.9263907567296883	3.899815268682554	0.5777969234135025	0.13795376422054206	0.7576392114349516	-1.4851197216562424	0.8446482783138543	0.06442641877925992	2.086331796112456	-0.5381713186725349	-0.31297189404953885	0.012439990095827635	1.7109782772175546	-0.39661353126492427	0.8474765330473449	1.6112958116802434	0.935738569674806	-0.3696212989188138	0.6926113822627668	0.6486899886945628	0.4577479649894864	0.11261840482197694	1.2773182102548704	0.9194410101486978	1.5299080799432199	1.4479097791932913	1.348108269454975	0.8848867072477296	0.9879517478408143	0.6234522404579795	1.3617363303339787	0.3712923330269278	1.0218968462672606	0.854042764478131	0.7849443306583013	0.7410805565197827	0.768767947933532	1.046557258927871	0.3071660444531919	-0.7792854277058736	0.16041131065960593	0.5153114491704878	0.6717220958166004	0.4778966206723688	0.910630307311996	-0.025869000505822415	0.21651396187268335	0.7677350393532885	0.7959048927574635	0.6102078577203187	0.31859013823032833	-1.8261910855886252	-1.013908048673742	-1.056994720451883	-0.27314657906382644	-2.2431872351491204	-0.8030018510589634	0.5673345753147588	-0.6176602536424747	-0.6328285769430406	-0.44264610120983944	-0.6670962002935155	-0.14528778819633592	-1.5912134567571998	-1.0179189410847882	-0.3686756544267671	-0.7617595781933961	-1.690162777094161	0.9544358617124925	0.15501858040254812	-0.7465870298281851	0.02193392321122145	-0.983940127304033	0.5298925726974814
S028	-1.301799875253561	-0.2663434482766262	0.1728399673319298	-1.3231273852722316	-0.8597790992810959	-1.2881771555159722	-1.4905486600811286	-0.37623553063533793	-1.0466317227314392	0.047177445648298455	-0.48126336375958195	-0.12762394150334366	-0.6915521557632363	-0.9657237317385576	-0.5302643337527642	-0.46172272988861573	-1.0224102212806352	-0.1164494615792071	0.13955005911383583	-0.331259661402598	0.9130668851339092	-0.9635970333879118	-0.041248691106456625	-0.7847136660905878	2.0522097237633012	0.8981815641652491	1.1344371099760342	2.1325300959278626	0.6251152616725044	2.778720021680026	1.1279857425361015	1.3949148171101138	1.6216664145554252	3.889809841309212	1.2140786440782814	0.8261876040517867	0.961085585853992	1.8100270911991374	2.6411537156213	0.4702558180609556	1.0020198286445057	1.1086151199168324	0.9751951970672343	2.48488888761311	1.9925768745607073	2.4171916193052034	0.9002563776439256	0.40661639587559417	-1.2909598675266187	-1.132124029590738	0.767975605984372	-2.408021682251771	0.38249357485422186	0.6277384476551763	-0.6341225308843	-0.17866802000871185	1.8043879931296058	-1.3179277178396929	0.26516721227326867	-0.15706417016807178	-1.0481009396790086	0.18954809234564085	-0.032398506061683485	-1.0630758258057222	0.374084095907402	-1.011135461843923	-0.6594719972851365	-0.3963658534384355	0.7996427582795419	0.45939392417303837	0.1309475906794434	-0.8447484110168351	1.0634446959245012	0.06882746077739821	-0.08760877304643844	-0.39112308050299327	2.245681816079136	1.5384738230934334	0.17684874430278197	0.9145334359366715	1.0847569865996431	-0.3177743913576062	0.7707225997137319	1.451591397427821	-0.22928442617512224	1.5506859923082326	0.6976409199316654	0.4342471678411214	-0.7123479172902571	1.9119314760065347	0.02731406043139284	-0.41112923812826985	-0.019307097534059348	1.093761280228412	-1.3844228038719735	1.5700736982302672	-1.6593925511939676	-1.6951349530424857	-2.4775595791730676	-0.46300183199051836	-0.7204723263154686	-0.5337774636726323	-1.479501232057658	-2.1283153539574595	0.47222830774919267	-1.0786182544265488	-1.4831107279030484	-0.5623557503422398	-1.1576402730737831	-1.3841545911606878	-2.0520244135869246	0.20596336227563516	-0.28322070964955404	-0.2040215811430559	-1.7564433036309386	-1.026008705497626	-0.895980327307876	-2.0845083264838298	-0.06661210150477104	-0.0832369238872297
S029	0.40789872641025693	-0.4437643481956183	1.1122938253618628	0.36101184807585524	1.1739907231285833	-0.7926813379889568	-0.17461704389057023	-0.49385751675240763	-0.20535836876315142	-0.33389263427861005	0.12376237604021516	0.20639740848777524	0.18740723171279938	-0.22422397533941243	0.3701352657809841	0.9206875198947706	-0.5016253293210889	0.22090602347158683	0.1609384121293441	0.5948788308490593	0.1691082556510376	0.2076632805940448	-0.572681502312456	0.23755819471776246	0.20054073648069357	-0.35662543175912503	0.41347019316546885	1.0891948440701595	-1.5078334980638854	0.8321996034829102	1.9548958595522012	-0.7393679298126112	0.49863060802726616	-0.7008473107432509	-0.4569000288042036	0.3327780749138532	1.7010958931991944	1.5286250430870498	0.3324913107176007	1.0628792930627053	-1.9710288904790705	-0.040332839750895244	0.040705697345303826	0.7003217909317819	-0.38554536027288716	-0.46666236785798204	-0.4969166785167434	0.6970364958370954	0.5874661696402448	-1.700292990333517	-0.980153421417449	0.5390301660976529	0.3361469842548914	0.9228882762360955	0.9417820457181043	-0.43457933510326846	-1.197083947807777	-1.49418593161923	0.09971589544542381	0.09998456515468174	1.5402074070594276	-0.4756351628454497	0.4532036567648734	1.5373275953901109	0.3929950234595142	1.5763305851429075	0.7110487996076849	-0.852247251229078	-1.292536070160171	-0.16406881945742133	0.46641352956679405	-0.5644250129609435	-0.6292032912858818	1.216907820645992	0.9366765642181744	2.7759295057543016	2.2051674902861205	1.454088549597752	1.905313477425089	1.0231731053456532	2.403321570433685	1.586109889550617	1.8954763962582912	1.5527665471373808	2.098072938746057	1.562176327308875	1.5030822592689508	2.885910536095425	1.402796966723714	2.6666271818598277	0.9779456129017514	1.0379384636181133	1.8300824494402432	0.9095287889479389	1.230518563375816	-0.6982500658177437	-1.5273497475433235	-1.3116440115645571	-2.5291648538947094	-2.9914319167262766	-0.7727969027238587	-0.8463307955369627	-1.8580278301783306	-2.066186753957317	-1.0499160266375211	-1.963661502816467	-2.297465016333959	-2.664765990542857	-0.9154315974075831	-1.9820051549756479	-1.9831126970669946	-1.8225254080941407	-3.385416171164554	-3.6944940989186543	-1.1941618400621576	-1.4045618154902262	-0.5861203380063434	-0.049064849850847914	-0.8933204110187491	-2.101970686419852
S030	-1.7471257749780236	-0.5970547850074731	-1.0921933309679532	-0.9777314494470041	-1.722570477210971	-0.36661211958538464	-0.45576705639299653	-0.32039904029888966	0.7722906811918044	-1.0516336893731948	-0.04689591489249034	-1.1086804286778733	-0.6943483468664975	-0.7173482414483874	-0.7979447728519564	-0.4830132407224311	-1.2527672878101328	-0.9768723582735546	-0.5813704656652869	0.3886649364920567	-1.6835035187246654	-2.4545242798450664	-1.3968865764568947	-0.937675437154107	1.360281045442579	0.7673186701823878	1.8098619266210973	0.9476928712100023	0.5585136542627037	0.5051134656723241	-0.6147957833497399	1.1918693112858776	1.6160841992412256	1.458994598898871	3.1894332814704125	0.7790161684588481	0.028646258982185868	2.4906299504679317	2.3132276688991977	0.43308041974307154	1.0132893480065035	0.6685754018828329	1.4933797313800508	0.7909704835401378	1.6765111216535313	1.84715297185998	2.646890486227819	0.7305618265976586	0.7609249903651449	0.06328168530370176	-0.34631702660428754	-0.33228939834182625	-0.4462144198093617	-0.3324852681096676	-0.3654347803645573	0.16150061682985878	-1.2977573739362676	-0.6808256062066376	-1.1040597048919136	-1.6945710239889227	-0.3320613589591065	-2.4245757600636986	-1.414283518405727	-0.7826376173426175	-1.6026899214405483	-0.30340908585412824	0.508460108044667	-0.4204362788235758	-1.2308215695831586	0.4860809533203958	0.20047142842029148	-1.279840730517079	1.9622531754105403	1.9885303949222464	4.161602363051588	2.6057361305653406	2.369837089760821	2.52590332041114	1.631001590857557	2.679454408767689	2.816584730411015	3.1311939260736774	1.8659125667764527	2.82831649768089	2.1049537684884085	3.1363492241956235	2.6805144421740015	1.4435237310558877	3.0996766123425674	1.1498752583610277	2.4291050218616155	3.053752929265616	2.406532483673836	1.6431100877170495	2.0638753525644282	2.0503418321085407	0.7514046273534211	1.093783192072054	1.779729165569114	1.1838299723416	0.8309020101326159	0.49967298906206814	0.6871162954887216	1.1573822857814835	0.6058262325908429	1.006709774301753	0.8272357447906258	1.1656075551343363	1.1130673669829816	0.3953795770552128	0.11499070567445757	0.8247304342689168	1.404752340750115	0.6164926412674141	1.816007880868447	1.2287270280206233	1.8887011265255613	1.3924277016407505	0.2160766437154386	-0.5998531022096504
S031	-0.06919390030876094	-0.1354013462423257	0.7370565232713133	0.5716642593553909	-0.24858989883274984	-0.5848132730734625	-0.48598267997771777	-0.4942188972577916	-0.3896551539342237	-1.467296024106109	-0.5780081697858113	-0.5490795919084861	-0.36027988343008144	-0.4126155848078118	0.3284301384303164	-0.6347302596421066	-0.5600377360164188	0.22437542886271927	-0.39742745226709875	-0.036011793395172575	0.3262929838131718	0.1284000209507309	-0.009045616484260277	-0.3663288210123688	-1.4382992972024815	-1.2238815967874306	-1.8642090200045305	-0.7595197413464123	-1.70373609331407	-1.9432391308639279	-0.35619356051733475	-2.6737636535940807	-1.102161662796612	-2.64551500301433	-1.5791954914060253	-1.4043108069819445	-1.292768229258892	-0.8956740201255593	-2.5898149396390915	-3.054748174119191	-1.8879115083422444	-1.7974287790038963	-2.120967828735404	-0.06195270353185167	-1.9549647904711573	-3.0804024685430047	-2.628590906360109	-1.6786535606593083	0.003689455713772327	-0.6138215781330878	-0.5701872805889712	-0.8972727420919557	-1.0732941567821848	-1.2892366439446339	-0.6156591131188001	-1.1276814188441244	-0.982184020486077	-0.21775219968280568	-0.850077937470508	-1.704351158897047	-1.3796564338273316	0.10930955562043199	0.6827147113482176	-0.6631421032198889	-0.9214580050424591	-0.9288543817787235	-0.37344804035987256	-0.591436434291775	1.3484398494381264	-0.7225690744341403	-0.7049452096581759	-0.15974895737587846	1.0575616744500587	0.8519969593605003	-0.6228399223208448	1.0517550093551034	1.025706531998695	0.5074145913121262	-1.281494146496028	1.077120391908559	0.6774127577048283	1.0431532463378255	-1.479177143147174	-0.17321848979310062	0.48189619179105403	-0.319743455394107	2.398356771333078	-0.6924156244548855	0.8244521791096914	1.4025540563310614	1.8096646416194089	0.965393360605329	0.8334226681371077	-0.10741276169753422	0.14764290962857293	-1.3698119096088974	0.4374614515978363	1.0569802199101703	-0.956475410504243	-1.6172332381817707	0.641043279875364	-1.3979241822870876	0.8272279018681112	0.1265576961398362	-0.3683513669272213	-0.8551741941186153	0.3262107354124902	-0.407387922124615	1.917968130550234	1.0009327671758699	-0.7133249472671108	-1.1391150293471597	-0.7242353168785196	0.7053872614849819	0.5507401118194752	0.08089260502065712	0.46318177482869344	-0.37925473456745085	-0.09945301107787756	0.9103324582418919
S032	0.38629027256008797	-0.018785056902477365	-0.5631072107638764	-0.2798723595136859	-1.1337285117725024	-0.9284697892320078	-1.6655514393373048	-0.7031701152000072	0.9092113273902293	-0.6044160819090804	0.47080764376768336	-0.16198489329271906	-0.7196640683877049	0.9113986021878492	0.30653966894403595	-1.5606654621385663	0.673896748634874	-1.0190582060930797	-0.30155616718058276	0.3752657274326383	-0.3991075383938215	0.7359302345792883	0.44978599849605205	-1.420725498304058	0.05134234963301233	1.0743920911664768	0.8377944145471421	0.8617301120861123	0.8147440758372285	0.7800727269675418	0.030529103061870774	1.3762054575709655	1.028093824017236	-0.43277799920782456	0.48237722576238634	0.9584391953386175	1.2850030492049964	0.5073815627319361	0.8169420762104167	-1.433901929939451	-0.07633140615222479	0.13116189779716367	-0.6890781248885662	0.12277960417675853	-0.08441580597934782	-0.8040517783568498	0.5754171149206556	-0.40405469585053944	-1.8691903679930402	-3.0877432860511087	-3.353326462075652	-2.7248207049527724	-2.6010882759791234	-2.802639763358216	-1.2749127625088985	-2.2571178953597033	-1.7015514397304032	-1.8253415398598114	-3.9768141967305213	-3.2916476532037433	-2.9044846557214767	-2.695503928994519	-2.565654774098164	-3.463346406346985	-2.36483505331044	-3.5412713620270786	-2.260439265330829	-1.6673986746769276	-2.541834121691411	-2.5143669956674666	-0.9435383543856095	-2.6509595815918248	-1.3248158935061567	-0.7226044394451889	-0.6058102893439826	0.2584235466953204	-0.06922450662805657	-1.3026306712190932	0.32579601450819673	-0.2088779787890142	-2.016200334056766	-2.150208594917409	-0.8314185045570082	0.3871370295612916	-0.312272127153616	-0.016091988239743116	-1.1968957743468764	-0.4931346850377873	-1.1311023309884578	-0.3083435283290821	-0.09188643299195942	-1.731764356612139	-1.9562710385452178	-2.2563480887036444	-0.46555094672698943	0.2799692473965414	-0.9465981478447405	-3.500165009261175	-3.270691889770102	-3.0882327182776743	-2.339921514994439	-2.0930015573043335	-0.9524419676794187	-0.8323843400902304	-1.6051056988878456	-1.447571379575021	-1.3307543035887286	-3.125118975858313	-1.763462507076547	-2.0469736534770493	-0.8947139958372594	-0.8970584482970578	-3.0882815711405183	-1.9827610624589638	-2.6051036606839473	-2.1103313137424577	-2.0917227172381447	-1.9855897640708176	-2.913525719556226	-1.4956902935074714
S033	0.16289825953878317	0.7665045712628995	0.08084663967377403	0.36782437974089716	1.1806735137969693	0.7942706300325719	-0.1956496434380801	0.6805306801687172	0.05102987659790992	-0.43130830269722176	-0.36319909531584493	0.7704100143665424	0.518354619890958	0.5451910315325482	-0.37612165361212524	0.3937019446957472	-0.28888850151346535	-0.2002694821674953	0.4087441792534573	-0.5658667763705897	1.076259397779497	2.530351865704135	0.9079041839583979	-0.2934769265105971	-3.141104419939389	-2.0535790312859903	-3.345873810327358	-1.7090068952280852	-2.4523992644460773	-3.4952487743414506	-3.991084778274887	-2.7644733061625306	-3.4152165925937954	-3.77395828902828	-3.8465595071947654	-3.244348117860072	-3.2101710075229817	-2.700284656576883	-3.8303294773952996	-3.252805343921186	-3.327744604384976	-3.432933037540878	-1.7880112594432707	-2.6122915472015893	-1.1122043657965075	-2.1961746404195037	-2.532775990598663	-1.824799710091955	1.429554686984896	1.239509536574726	1.5561800144118305	2.2813050741334466	1.4369748418851007	2.713901715135652	1.486825218881667	1.0514290033851572	1.501748446281911	2.2810184866028234	1.7670917961932437	2.375247038950042	2.371573870705517	3.560474005799637	3.463741494993659	2.2901959214801924	2.7259818770887456	2.1552218032560293	1.444366250640933	2.71295528062808	0.7450153374176036	4.465369055670953	1.5548437784487934	1.536967523376537	0.32872379796052975	0.32505825350992	0.2585690141416038	-0.44425454376767937	0.9498905939869341	0.6700017741486473	1.2578101118952945	1.5854892651424692	0.3380731870753523	-0.6120845617548833	0.2284592983036472	0.21171111909416906	-0.5089986391741094	-0.920666956757095	0.5987653722816872	0.06244410377407822	0.2656460807509975	-0.4948262527966315	-0.25461923622715327	0.11927670333399208	-0.366399870901986	-0.3051850945292437	-1.7495327427651914	0.9733889464301292	1.3811594924358896	2.1052496647809074	0.593288182640231	0.988444193125384	-0.7725574359781007	1.256344666415802	1.2287395821350917	-0.8650281868177101	0.9707301443096498	1.4624356581438944	0.34122887173533645	0.09474904190807104	0.23932033308432	0.5612044952806676	-0.7588376352345714	1.8224324793813944	1.7605420536196024	1.2214488059695205	-0.06791538702948852	2.015058219181262	0.9409486977041037	1.1553813169562668	1.8039622432061988	0.8747901188024017
S034	-0.0022892888148469126	-1.0296912323594496	-0.08743398252743623	0.6205102709618484	0.6861669354549589	-0.6107350805804052	0.4539756452956406	1.1397855425106977	1.6187323905856186	-0.3459767836526274	-0.4767008871570859	0.25819181780265754	-2.1278130155483646	-0.21016807841436747	-0.002120852943354179	-0.15281446752396904	-1.052439460023677	0.018218236322618875	-0.40662777353820456	0.820645569272839	-0.5201207314318694	-0.01121698130265203	0.028300782411618458	0.6687162595659566	2.0614827320486055	-0.171791631217886	0.48113301829275	0.9437175740674147	1.3526790282747827	1.3494031579247063	-0.11039865472626209	1.4263334443047624	1.4823265188890193	0.4049150129996292	0.18962087966614782	1.5805849657651774	0.7701533680228153	1.8042125688719055	1.9343423933452817	1.425257810370573	-0.02299539897399816	0.4117031400512502	-0.33952166123718586	0.7168073426348676	0.4124368337556257	2.3751453319886235	1.6402641518248955	0.9254407943845662	-0.5673554377303078	-0.7648551032931403	-2.076501346922547	0.8996409876472325	-1.0948463011596692	-1.2590455233564535	-0.9353148124824752	-0.06727296707452851	0.6147240207410974	-0.1578091263279463	1.089960019630293	0.6383079568537434	-0.44972198824452264	-1.1872289675335703	0.37899097482116406	-0.30926230570167906	-0.08211485881459513	0.11630838575634572	-0.20936351513262574	-0.6318975742934478	-1.1206418192681236	0.7871922589216523	0.11132641843286628	0.15032206115725555	-1.2576507266945869	-0.9897836061244119	-1.1996863843237542	-1.8452350438037768	-0.26545738542006303	-0.8269183321926032	-0.8758649853603218	-1.3430520354728561	-1.1474458763381046	-0.7953092956529156	-1.410193103004613	-1.300345283559351	-2.556569102209036	-0.9143126246805169	-0.9631046071893214	-0.7011391478050721	-2.6305180807524087	-1.091141040196657	-1.3415201418096168	-1.942897954795054	-1.6447653294658593	-1.6656534801819955	-1.6840351123200779	-0.6850700799814154	-0.7340041477587422	-1.1597659678204228	-0.7230285797227533	-2.344055409172482	-1.9371731959567091	-0.2753803552045637	0.256665831260636	-1.8290872893278634	-0.831958410098724	-0.5100920852925562	-1.919565699057301	-1.8799989971331106	-1.141152719209229	-2.414649644333303	-2.840463797499896	-1.3785620659199325	-0.49012425595709364	-2.108090219116427	-1.5472690383870402	-3.868329470763645	-2.2932349613282934	-1.586492536828737	-0.6255256887636356	-2.8854162414729636
S035	-1.6813509712529413	0.08287276040312097	0.9630648284588625	0.0660221192586673	-0.8661768640704319	0.6166512471070873	0.6247222340347285	0.13898119547405868	-0.5724638567934628	-0.23716740738174485	0.10436750189077987	-0.3450535755667075	-1.1807699696424372	-0.2600567301050091	0.3059775614625009	-0.05027534479332241	0.2949144377291992	0.42229909221026046	1.072633109331378	2.1184320078011663	0.9407957811410461	-0.7680901281991415	-1.7701832488019202	0.2798029741044708	-3.144971168818206	-0.7242505891077686	-2.8702903009246237	-3.7811662509477584	-2.770489203881825	-3.3213798828703105	-1.5153869966482179	-2.990084202615976	-1.7589297639072354	-0.9643990714756663	-2.904733603891165	-2.2631123097978327	-0.6415555311216741	-2.383143261710484	-2.374052791542008	-2.417949023524662	-2.768813406652254	-2.8038054592551225	-1.3323340182437904	-1.1766583707950895	-2.8901481859235796	-0.5634246150925293	-0.8505180411583626	-2.415924070923336	-1.8837018854121204	-0.8303134263794422	-2.138355526871283	-1.9615745707471435	-0.15910635933731365	0.2286600498702258	-0.6949215766727963	-2.884320642557293	-0.9158513553714724	-2.218325274245916	-0.816792167920697	-0.22199872542473775	-1.4713251188270196	-2.8032236504565757	-1.6157820628537238	-2.2412577996302456	-1.4526937829328415	-1.7441574223825362	-0.17431913848532332	-3.2065768377206645	-1.9271722511249227	-1.7179542784404729	-1.9418632042186679	-1.4837623523677	0.0034160875958589854	0.3475360460184266	0.35666836296997306	-0.4418737984660718	-0.445759879308987	-0.8723786727694903	0.19226884088160964	-1.050813032439253	0.4265757217680396	0.5571349704296097	-0.057830527452259306	-0.9276499435119154	0.17905380115461497	-0.30464848672487743	0.5663321030510307	-0.7222190449508745	0.18729695661007886	-1.1192700654616305	0.36805994818707577	0.11776445228983332	0.4280714722432507	-0.609611750808229	0.3545219548133651	-0.4218649505439803	1.5697429705890227	1.5911616970895168	1.920734952722182	-0.16079601111785724	0.9574481232181252	1.8806013638537635	1.2179122603382597	1.0877781468799501	1.1638597039592453	1.1399067134578325	0.663386989418292	-0.32005110849933405	0.2468505202707605	1.204839417903011	0.4597683459106682	-0.7385039811320104	1.7828966980096301	0.40267985296256403	2.336098194335929	1.851058452663862	0.7868990309701092	0.226035217149692	0.14879907806560455	2.0054361655389634
S036	-0.5967178612119687	-1.5833272540860004	-0.4362028996566798	-1.2673802797133769	-0.3316928231930298	-0.9142431477958024	-0.33585853683862865	-2.0483847647026856	-1.004602109497779	-0.7727054145963759	-1.7937283894982845	0.8520419971630453	-1.0864473390947587	0.4581487737883614	-1.185302282314375	-0.837805533803142	0.29329291994967643	-0.41076713339610504	-0.500185129186451	-0.4410738508773655	-1.746754910411033	-0.9654713883288444	-1.4189851325236968	-0.49589768756688724	-0.7764026969961636	-0.269810865565146	0.385497933264501	0.35423136415070133	1.9224390952992336	-0.47478839220032365	0.45597272927947935	0.3933591625451789	1.2052573881211082	0.3605304112974733	0.32341571276489134	0.5325275334120019	0.17758063334535645	0.9878883308581747	0.9884905892298285	-0.14876757714229172	1.2292747910109	0.8107601878947486	0.4541623047841891	1.3302359955808305	1.575957398317886	-0.06510211305908131	0.259288749136286	0.6333186525270441	1.5138059509966837	2.6888454708884426	1.1950518168631397	-0.32609219098121134	1.0821611929685568	0.8713732000904033	1.9723690987145477	1.0058120784646216	2.21770589195087	0.06825440133062832	-0.6302931935446303	1.6497564682929409	2.1796829556548225	0.6968628215582523	1.614358823155852	1.000612849993479	2.851802752126817	2.0112398620030074	1.4446677863043662	1.359749255108411	2.4891064557585043	1.3580812004152256	1.3887449448784333	1.2989563552286714	0.34764963226989554	0.2068414277179066	0.513498576957299	0.5396096860123843	2.173637114983494	0.9479264440311767	0.9952208199971059	1.2953853905095074	1.4009172165739594	0.5439661166268924	0.7702206917318998	1.9819134101516287	0.5564654753072313	0.5783857964863759	-0.10156132767901316	1.7364635606027319	1.3030051745115574	-0.1577580380313558	0.020414375878308744	0.54911771201431	2.2553383544147323	0.08747180126631726	2.852751418283547	0.9406676087718956	-0.817086427466144	-1.3930077533490106	0.7584214125625883	-1.8532201427677835	-2.5544949824055196	-0.31759668269144314	-1.2596968901010195	-0.1353674606544505	-1.2263702201372775	0.7631945513083147	-1.3192972600861284	-0.9151266850222732	-0.39876650747080966	-0.30275771338949975	-0.6709789777305378	-2.00323135196046	-0.5263198399992403	-1.867433052927507	-0.5179898237263172	-1.731466692164363	-1.1778646396508774	-1.847021937157391	-2.004196931829861	-0.06509081307962394
S037	-0.5648121380155712	-0.16486093089256829	-0.1914476843015232	-0.15870994161678004	-0.15741133122199338	-0.6515161187996481	-0.972815870137997	-0.6610986811756699	0.7276170388221492	0.1697158114791128	0.339950654780843	0.9743606993507087	-1.0731583802313	0.2783483034926877	-0.9896729178549657	-0.3970797127862798	0.2577782405237551	1.1618625800163698	-0.7553455876729203	-0.20545063656784363	0.7953758094711645	-1.3214601291850672	0.16007669807247948	-0.376236154011077	0.42679086797280064	-0.5831974317386877	-0.71399863811773	0.7006554036159812	-1.0929405103307104	-0.12003095848451861	-1.443902134880263	-0.8251740922636914	-0.1708225413710105	-1.4759596380541957	-1.4294026864228706	-1.0080568002064454	0.29686723452348385	-2.223625411574359	-1.3779890355343118	-0.10978137302556479	-2.6592245711596343	0.6105393592014893	-0.771494940670167	0.7010718454807988	-1.6611153008935187	-0.2407148217180448	-1.4237839109864292	-0.674892200060087	2.0677153678316453	3.593799441349221	1.4514416152555012	2.293388037956269	0.924738721846837	1.9296302117467512	0.3340837294056347	2.925585181811025	2.4561425497337037	1.7488710575476047	0.6964866046329978	3.417343983676215	3.1646849134689337	0.7790225557290442	1.1087554555234913	1.1424754958772234	1.2052108094655924	1.3752706405948463	1.8553349532098282	0.7069741256043419	2.4574479233136493	1.6012352197688582	1.642793040340621	2.7896293294667562	0.4701714411689706	0.29443957241827334	1.916272993265726	0.01662437469014333	0.9798514513897278	1.7118082999455715	0.11771304693197115	1.2857539426549351	0.2578235167311005	1.936467412621269	0.5160552066087606	1.6423381360649392	2.300713113088226	1.690338097565387	1.127140041112772	1.1745597187809005	0.5114029702688845	1.1372078785837278	2.0052714053726457	1.7704503380279601	0.3709861479601967	2.3234110999250808	0.46289977227362655	0.2726890077397103	-0.33167787024838125	0.5968853142745952	-0.8920101196507795	0.6132806664447598	1.0018259535707328	0.06477664962321245	0.08871800644749728	0.9923756495301002	0.3856290023832134	0.9390310536883095	-0.32097699166928484	1.2111018876026187	0.11523725810571217	0.38509644613843136	0.46155025730792837	0.13156870074838084	0.17047010949409602	0.88483347784243	-0.9087021003501188	0.778428662714199	-0.5848992651360803	0.7074300756052252	1.258058009493265	0.7474762705113176
S038	0.07861949288528458	0.9012801285202164	1.2599161595387887	0.05429566020036147	1.0879672955387225	0.9226714617574073	-0.20947517474084199	2.026705763613428	1.6558976059174457	0.0960340717500352	0.3146707638766527	1.400599657059384	0.3876162321550318	-0.6877994141167656	1.6230811599819113	0.7910006084339479	2.3095964228332635	1.0699491685965183	0.9367694615677398	3.083575855176635	0.6464815933001842	0.02252285815982602	0.9673338537167279	1.6925793924781825	1.9672875211147036	2.0509036985944546	1.1855990204089506	0.29140608275962254	2.514352036966364	4.449562343976698	2.3248601491654015	2.1698962608453627	2.950717075303425	2.0230681501716563	2.1475623228768317	1.5495375482405416	1.8162028772669738	3.4212850101852164	1.8777162510981582	2.72093252944166	2.2635098005402514	1.863776781537136	2.8075596434689456	3.220403729277194	1.5811204788224638	2.8382235846076433	3.1880945794449813	2.3141321211638224	0.9140046274638919	-0.0034860112790832953	-0.39408404033525546	0.26753149225748674	-0.29580436457672366	0.8042790416936467	-1.0970583477970781	-0.4308140061643645	-0.41854821960106325	-0.26172967127247115	-0.037023297077537896	-0.4187617165817856	-1.0850324896436467	-0.08056569710434874	0.6636798412904212	-1.8230759233984706	0.036899000791793854	0.07886771782665233	0.7345902707885562	-0.5279690554995426	-0.05353425675032982	0.42393614460150353	-0.41120308809174644	-0.2899593915366385	0.9814741364066298	1.6801688202014318	1.2310546485322078	-0.803318307457372	1.367763056492851	0.2859797865484829	0.9726844512650851	1.4969376155387448	2.1547809419485437	0.8079256924397736	0.847217051897138	0.960358487892806	1.5601199152144414	-0.24729573258783955	0.33076776367522354	-0.729253623247591	2.024328651833377	0.9718243788030381	0.6256615098897251	1.812287297603335	0.48081475922668393	0.8975800200741038	1.6474642228360583	0.5891732141109612	-0.6555224297009596	-0.6270545582565938	-0.7744031408451096	-0.5224951609427408	-0.8595699665092902	-0.9302365977873654	0.09437460466601244	-0.8627661806854561	-1.9411406643315625	0.9532447211905057	0.3534664542855394	0.7181065738240602	0.016577652488197703	-0.8110418830353714	-0.6919034618281994	-0.7275283706166222	-0.23695872113078953	-0.0381496807380487	0.015627411261523505	0.19053860779079707	-1.2232198684606463	-0.08983677458925854	-0.47037431582589057	0.20893241806243462
S039	0.5613350298716177	0.7668190577763956	1.8532528239219044	-1.0644451681261418	0.6192882188349157	2.1298184111744165	1.0240392122982838	0.1922446390679169	3.033884471964206	0.3650030194021461	1.0747387076528359	1.1952459457882043	1.5599466604029217	1.1978269836976019	1.4286590823670728	1.5394268084814886	1.4240900022076224	1.5680502177753541	-0.4097094050323271	1.8462829034348116	0.3698657868359314	-0.23988526376248842	2.598509470413726	0.465018921861476	-1.3283712193368513	-1.2605945027308496	-1.101691789324983	-2.166913613811529	-1.6772347602683557	-0.9337195782040033	-1.8715071441922677	-1.3337868800024166	-1.322724537024172	-1.8882104703638638	-1.1580718946886477	-0.21840047417555364	-1.8989910459826742	-1.756991763815185	-1.3928714624228942	-2.2303275958899182	-1.7460374716945108	-2.4513566309232737	-2.7578192385841676	-0.9966380953573927	-0.5945921175426536	0.12491616212378531	-1.3933241896980095	-0.5001028205338295	-0.46089444141317953	-1.2774303377419856	0.25826651750208185	0.12490793778601361	-0.15092065048054476	-0.9046051089623329	0.08401378676715043	-0.040596576354573644	-0.6469228436574368	-1.3735783016640544	0.15233658862078392	-0.2105733638239445	0.35545100396402385	-1.1621375406688512	-2.215635214023349	0.060011213567830624	-0.3687483109676268	-1.1811370279519489	-0.6280024297872007	-0.5303605428600158	-0.8568168448481001	0.3303476474465291	-1.5971279121929527	-1.7688445347587238	1.0959221105884507	1.0810540937010793	0.08856086444712427	0.26830881403045564	0.6797843089663718	-0.1974022460051834	-0.8008509919065837	0.4582028751668867	-0.21660622170936344	-0.2568727615852259	-0.04254591554528575	-0.5279130958593031	-0.13352958956336897	-1.3700706565876692	1.0413434764329321	0.18419876497495397	-0.3140950484076579	-0.298641764670608	0.6805986534861521	0.2000877171012032	0.35074801414194456	-1.0540263859446886	-0.6338495446634496	0.6785195088919879	-3.098144732939211	-0.20545725486973188	-1.6275231204270697	-0.7253943069681712	-2.078641404993569	-0.30618520087771595	0.46824703594425676	-0.8557076515637164	-0.4689282081436773	-1.825501940775942	-0.7175639244772036	-0.34835412128201604	-0.8833383200420615	-1.1444956516236036	-1.7738605778127745	-0.9775451407003224	-0.6439821201425848	-0.3032331773198995	-2.156071880832142	-1.474949696746108	-0.854450470279182	-0.8427779729864062	0.6011559691252266	-0.45944908522385963
S040	-1.115170247340753	-1.8771147217560231	-1.801838504800478	-0.8721417172383934	-2.097645499457327	-0.9609261117721344	-0.9545115511097129	-0.3275072009552026	-1.528036108501761	-0.4217997294127517	0.11749023328953179	0.010280291432252175	-0.7902039666710043	-0.8997326745609169	1.0204984364766323	0.526675234933925	-1.8723593593911394	-0.5201783030814887	-0.7774981464532658	-1.2012515629054634	-1.1364156936063994	-0.8688374421342693	-0.5091787502404407	-1.0840496427828126	-0.5646054851734299	-0.9165064672933815	0.1872471521278487	-0.5298633290085605	0.19791307874338893	-0.09482482982043008	-1.1095446232520318	-1.2096180779323105	-1.1576321120669908	-0.8563480102654162	0.39719793816746884	-0.4188624502593995	0.8093104016946308	0.10765701634103858	-0.4710484608107933	-1.0138444915263443	-1.9006380232646318	0.5391233049881514	0.7147581961082997	-0.5155719078212831	1.0701987489920417	-0.380446406811731	-0.3479566708443176	0.583549546714864	-3.0186285261601666	-0.9547248034811802	-3.775487935531064	-1.0664607491002636	-0.9712186653262498	-1.3334355758885685	-1.1576135126054703	-0.6032576674970296	-1.632178240166111	-1.2343249488947643	0.3029610165992729	-1.5154831275687468	-1.4541787670754778	-0.6301599144159274	-0.9889247534385339	-1.2630038549200733	-1.062323933166914	-1.7428620194345033	-1.1859483594296263	-0.4266077719580461	-1.0434289622209505	-2.157158848407638	-1.9856570777672071	-2.4754435389578227	1.3055317500642358	2.8468515863205885	0.7724848260881264	1.6968942442798736	0.09531301504860945	-0.06602481982889818	0.7623261682931453	0.5447749893963373	0.5441752039986715	1.3808618341632553	1.1512911878454946	1.129207763716106	2.208072575271001	1.4086060012016655	0.10568953087741595	1.911006210858293	1.7599210133871637	0.7336176758347142	1.827480920932214	1.7466347985796549	0.7624512663781325	0.9618716969556942	1.9329347395669108	0.019018481919576002	0.5655226927404311	1.6593360275908522	-0.9242166385798475	-0.39255928920039473	-0.5250582189909678	0.6843355585083393	-0.6234967279893435	0.8920996473555325	-0.6561834039254218	-0.6549780809932733	-0.6990389807765582	0.1640023499730865	0.7976382938446585	-0.69502582423971	0.5195248159400934	-0.0665446569834092	0.010198715576526851	0.6560706521122465	-1.6023394404851645	-0.16856837566257268	-1.8071119313337658	0.4542027913715143	-1.5082812249560715	-0.5522904417751395
S041	1.7857587463868763	2.6276360260531755	1.7680999694809576	1.949941760109528	2.30610785200261	2.8205337075858	2.4955565180993804	1.8156957370005768	1.6801761379199138	0.5350409124579316	1.7475738100219038	0.6841879667824043	0.6946922215264564	2.0343309167143033	1.4334620278784589	1.8916913715625574	1.0123532808366633	2.474886980719993	1.6289415187840501	2.4641064363659573	2.052676166884523	1.6461230056179923	1.1311018458504853	1.5391298368581539	1.7025453530695234	1.3291780263567237	1.4056634141308855	0.31778625912064906	1.630108018763193	1.6766093982226113	2.6676734087194305	2.2078040186966397	1.0960351723049087	2.3376096656433023	1.9271326848995485	2.9454973096286103	2.4154931813647194	1.609676890044291	2.5275840794884337	1.3941534225619627	0.925278291188596	1.886279818269762	2.1380803021541395	2.5290161826546	1.6693244407056589	1.739041262291294	2.272713969169316	1.634608806014943	0.6117797335274794	1.2355400887102213	-0.10345760540314508	1.5694119025682827	-0.014039870767648288	-0.8734785788892867	-0.10934613112704	0.6184762172583371	0.4726268528456561	0.3669096605192345	-0.748549229712115	0.727606085628048	-0.07404445478431637	-0.6838275403603196	0.5638285337265013	0.52434489699236	1.1066926385561588	0.13255827156481637	2.3386212796382635	1.2476115197707611	1.0356906137519988	-0.8482359920302223	-1.3326145418497983	0.3911564833807065	1.187560690119641	0.35962996421236015	0.23275722729283266	1.6804419029256539	3.599595209274682	3.553904969247988	3.214600729508814	1.322528773433784	0.08887871170192652	2.916883279604188	0.748989287504525	2.7934255413953535	1.2819918583696337	1.3571079194142373	1.5892351577613395	1.6274571388089085	1.7422350085025018	-0.15341405816359832	2.0459575089693	1.2780647148774116	1.7923295152384722	1.3736483162447044	1.0740893818657296	2.0910019310243237	-0.5504971049352796	1.1518337176702462	1.3152418317284216	-1.056493797712285	0.9659777708886063	-0.5451895268155016	-0.5805003925423473	1.0911138885321554	0.43264577432564433	0.6953809595338118	2.0800385972132176	0.2641801020941055	1.0784282740730637	-0.9152994225043825	-0.09449679381802112	0.8742669624341062	-1.053006168564564	0.6540174214104957	0.3655298787000155	-0.06500591365973396	-0.3888803205313913	0.8436011268001252	0.820109814241837	1.4916203857070907
S042	2.008283812171601	1.9040016111054723	0.3894077017793107	2.166421065979061	1.174749070602218	1.9980864005854064	0.7878848146538553	1.8561596539075644	0.7086019175213428	1.4493608891096925	1.1074515784065848	1.1174173702947776	0.8926056289095793	1.2230121467818973	-0.046632328351688956	2.0471551785034396	2.1152246934530146	0.9916563255047186	0.2420717230559577	0.8285080079260834	2.1039668875406052	1.8462920424877236	1.1055925750472848	2.0636952478947714	1.731949502665218	-0.7450219913241813	-0.5693020907315325	0.2230346916967968	1.3300871117091906	0.3701848986110154	-0.6401288077330078	1.0649322281517308	-0.45586266768878425	1.4701389705454748	1.1673753620975467	1.6479651082665767	1.4468671897762828	1.3198989775059142	1.016172492056429	0.1959875233280512	0.3627874065099153	0.45495873547212246	0.60194682085634	0.013571856579622954	-0.14079825263704837	1.5796460994187194	-0.4930916727674941	1.3075823955861456	-0.3326676606788307	-0.009180893467510609	-1.7692852866835664	0.3766193443049308	-2.0379144097476813	-1.6155545246773688	-1.6062124769011143	-0.44989982984527	-1.336834492889615	-0.02083371916610166	-1.5951856236481183	0.25051369151233804	-0.9115231568561603	-1.463058424505674	-1.039195677572665	-0.37182094117100806	-1.4692808610340355	-1.6549601094304562	-0.22765313746197946	-0.02785700267937985	0.0649941063236934	-2.026969762862375	-0.7150648103918062	-0.501520966369163	1.0830918249810413	1.0688750643836165	0.8609801860931139	-0.051899551496824126	0.7222016190613588	-0.26220049759495156	1.359153582956902	-0.6734296192729203	0.1063334075112431	-1.940237303282318	-0.3839440533169627	0.5600730490609416	0.22108996227456973	0.19252001291092818	1.8808791916331689	0.5727639737074407	0.013974870103203862	0.15387824449238574	1.1302431779576034	0.2703833913076511	0.15164566200775492	1.1342137125780285	0.6064049963217467	-0.12399176078595886	-1.0938554729812335	1.2036917894068417	0.5603905086228491	-0.5526297007871024	-0.8034841151777699	-1.6409132511117994	0.3141155394097968	0.6141584440341692	-0.9432557195063984	-0.3765944804096119	-1.2771798656264195	-0.13174192252990463	-0.4224864788975238	-0.4073205458313437	0.7009860159361381	-1.6812784847998834	-0.05610145556120655	-1.8653887360787131	-0.7109053922623159	-1.6090515818482136	-0.18189740236883836	-1.3296860564162825	-1.1671522409160633	1.624331122253857
S043	-0.05187320436558818	0.2912023358276343	1.1609971980472191	0.7045807369368606	0.30993084137626464	-1.2283907837086945	1.3182844683900403	1.0402888514182773	-0.6130264621407088	1.2615719495872495	0.769820393693558	1.00437922259988	1.5374659659612275	0.1894019567409656	1.3521627720917344	1.3283947222871875	1.3905239921085695	2.090076023345366	1.3082992749041849	0.33206523242907776	2.220018936811266	-0.1045386357833975	0.41113252521401633	0.009735631896912955	1.8362082726976967	-0.6060499935786605	1.3200074555736554	0.11613659918379582	1.3802418838539205	-0.2419067278358114	1.2439088121971829	-0.3423064436868705	-0.8390494158023745	1.6231875405480258	-0.45918668081655895	-0.8092493628098478	0.23533602873492845	-0.04364191829127456	1.1602093604595043	-0.48469469258711356	-0.14134490403750072	0.8403549395808809	-0.3679857070047587	1.035049800184393	1.06755382510283	1.7962497347565263	1.8881282683844474	-0.37089351056887593	0.6720145417790926	2.2816682185622432	2.433280542672551	3.418455309264073	1.026874759211565	1.8653711761813445	3.9877106057235494	1.2154044554464796	1.5029798988963419	1.5235412764974536	0.7205394506048073	2.607863634625021	3.862579475754045	2.4360680524263185	2.6579306768093116	0.8079489159150062	1.7158145995068235	1.2889602924750196	0.9381268265109112	0.5864862316040353	2.4498676861417663	1.0895136933196254	2.46030531193932	2.370487397704584	-0.0409667426017889	-0.3520053003654535	-0.5361471474256326	0.1606402885131576	0.5754825604706169	0.09475304637791604	-0.08468604810457103	-0.7720474633196643	-1.208286614484793	0.7220334543343043	-0.8413826007725953	-0.7740086980873111	0.051435399147982896	0.14588521981502944	-0.3002522988299088	-0.0039614730319883495	-0.026200826918807874	-0.5421499679391947	-0.33205968772897876	0.4060942331970411	-0.015701541386753504	-0.04049986319733134	-1.6662173884914735	-0.542898395179484	-0.33198903191159324	-2.2612375344961846	-2.5589096228042996	-1.5630435723732277	-1.802550592550407	0.2602958482463229	-1.5273222782893874	-0.05438959833938428	-1.5356053698811802	-1.3644904778192313	-0.9881146170256707	-2.0855383504956024	-1.4257515916791714	-0.992051684977801	-1.9266427479860195	-1.7516909566020096	-1.044828185203305	-1.1242525139326829	-1.4479567339437862	-1.1192478744418732	-1.9005632423483956	-2.0948984833956255	-2.2782223660945955	-2.205834090670373
S044	0.1822469906958249	1.130231056897588	1.3026843958017715	0.6352695629724261	-0.2230572205356945	-0.17844084819112405	-0.21810127899674858	1.0267281761882545	-0.4607758301589491	0.9560766506590498	0.23838037302989917	0.4020964882908481	1.4738303374498414	-0.11581158091655497	1.5938385072472188	-0.8631064971696332	-0.3953553248198989	-0.998257492152006	-0.33296987691060587	0.7307613080986822	0.8546388823002086	0.5098758731084959	0.47812919966158296	-0.6742059510366737	-0.8023034751198669	-0.9604583959603255	-0.24321064089163819	-0.33042956279365393	-0.4031533464339896	-1.148560021633735	0.8106146905619005	-1.415669834632034	-0.6599318345001794	0.41044943176278126	0.2720102063163279	-0.39543484359534375	0.5316416728084528	-0.49394368450966863	1.355798854500955	0.6088881582741331	-0.8287978254526838	0.45656079251413506	-0.404989858388203	0.07830116508378682	0.7490400597682741	-0.8900767972136228	0.8945735830935961	-0.44313254442122096	0.09314414429832274	-1.0331649591844854	0.9813000326862804	0.46732898202338585	1.1338570098914	0.9065583184436818	0.1857656667388463	0.9908653122598561	0.08940697608451459	-0.3771159154073085	-0.6954039513376225	-0.07728862804835852	-0.07216987017820559	-1.5396151147211445	0.04538231082685418	0.8678715748159298	-0.5848922332212138	1.7119267505331424	-0.7877270880966047	0.20086365076828688	0.8252281330926081	0.814955788931081	0.29794022933226	0.006511749646443882	-0.0176255235939905	-1.6466933516277917	0.18689378611212826	-0.455968895309531	-0.17767208186036093	-0.8458298879385886	-1.9387704019903533	-1.108541284341447	-0.07899142439711637	-1.4832382500995476	0.07540398402739945	-0.8536642353817985	-0.9509497966529782	-0.2487189830596579	0.4151771536976334	-0.3626844550083784	0.2717514180604328	-1.5790007577548042	0.8905672996107592	-0.2693283871896607	0.6255773354389653	0.2821399302493135	-0.5287663252514352	0.9329024559397778	-0.5842730736902755	-0.48606094179735404	0.043820446092596166	0.2987038846648971	-0.16002081062594872	1.0935537406234452	0.3728789360813812	0.9092441221226392	1.1544571653486995	-0.01850511440065547	-0.20784067900038264	0.1684746736093738	-0.6586998654335514	0.8029398466813364	-0.09808697521821205	-0.8131217216630451	-0.7725005374414449	0.3875758020961627	0.008971780597330559	0.8895240530042496	0.7845325820716477	1.3870119084438919	-0.014209293108382232	0.9182550720998495
S045	-1.3753882808774436	-0.07081080854682878	0.7643227673083696	-0.605230622828205	-1.3287705078086782	-1.54054719673629	-0.8584441862275763	0.9497122431988277	-0.4801144445623571	-1.1442775137815864	-0.8014994898679716	-0.7007587915789497	-0.10143208235906476	-0.8419359773968474	-1.0258744742733639	-0.4643364021708093	0.06101344514055007	0.2597121998066523	0.12650279847732987	-0.6799203582729344	-1.6699844289578638	-0.9527357288380174	-0.08665769991558672	-1.3808310429443589	0.9698315482748538	0.4487961570948107	-0.34644192178703986	-0.9925513757436426	-0.8848148885494579	0.33236467718076046	-0.775288474601194	-0.3011100335864326	-0.10258390490914805	-0.41838850164448865	-0.2630762974158195	0.5802692260859902	0.9897077088842706	0.4679898991782292	0.6107285661350232	0.5220291201445374	-0.2563975920269936	0.24287870827821134	-1.2578635868080659	0.15939935631431962	-0.24757100705064516	1.0845687368335064	-1.3918342914422575	-0.7614811780626309	1.0035719663300764	-0.4962149577210405	0.2617816153200536	-0.23022064225647543	0.9815420473578146	1.8349175433361058	0.14685089469525753	0.5963275586630862	2.0437794383193397	0.4652046573258019	0.7856351414840805	0.7230411199416235	0.8012107884276962	-0.7890098281548982	1.2405592176748226	1.0233270126308835	-0.9592409458441727	2.0929781420098066	0.45168378001684084	-0.5516474090226468	0.4434432846406944	1.1463222041190873	-0.00036172085684538224	1.0269956419889663	-0.3563407037309171	0.616118293867395	1.8530885134122896	-0.998870090546901	0.1811125202901642	1.542388618334203	1.7944428434820192	-1.0563171686954804	-0.14387164338538372	0.20548137142736705	-0.25783114331938084	-0.6650430577343254	0.8737120342329081	1.3264966031711114	-0.22309677442058334	0.7247521564432811	0.9416688182758699	1.0800708460243231	-0.1417477415307608	-0.41510670372307407	-0.11661494509192444	1.535062190209462	0.06107864228857178	-0.4784700436269454	-0.6768867975038703	0.25627316706365055	-0.7952039946596899	0.7112034854192063	-0.30352315097285554	0.1715879572519721	-0.642197015595561	0.8094709399147745	-0.3505305028216207	-0.18413979878245557	-1.0071881529970235	-0.8561851636329657	-1.2048041171371187	0.3851108466685097	-0.7973676633015727	-0.5292691012864855	0.5027697347050469	-0.9272338434285742	-0.7562658871031641	-0.354612942461795	1.0363098175946592	-0.07098421237664265	0.19740913240014216	-0.44438108634603446
S046	1.6601160619232076	0.9860399241950841	0.9922895207344917	2.35362628995471	1.6330067874398198	2.5542256217981416	0.7066182931667879	2.3626136372416355	2.185285011730648	-0.9379815403548244	1.387404114121323	2.691800210675835	2.0804665884713556	1.1049637582825955	1.271788370999499	0.4155816585472003	1.6230546755851412	0.02348301855659729	0.6457752883480367	2.3533521719093446	1.4415686484367	1.167279844433154	1.3732917850958037	3.65153589352672	1.073850610082736	-0.16159684799511687	0.35668450165350263	-1.380509227338539	-1.9125999458030591	-0.36360735159016494	-0.6213552247100628	-0.3141116353206295	0.487773210432504	-0.06610935757761272	-1.9874828077723987	-1.1577000910092763	-2.5147649417267783	-0.3119476562794215	-1.121752936725192	-1.7661890324025036	-0.4619638274082393	-1.6338975855072795	0.057053404302917055	-0.17587700730256028	1.03815846453942	-1.3517341188163772	0.014057785928124233	-1.110346965769831	-1.0061778739465823	-0.17860040519065978	-0.9236520400316531	-0.4814628451852564	-0.2206109477031427	-0.647164925410113	-0.3283809201497183	-0.8469573671690371	-0.5932517650306648	0.2947362577822922	-1.2521221748730942	-0.4903485737236665	-2.6784391987252936	-0.9351208691087085	-0.23750915833306763	-0.5091791649954651	-1.538451044774984	-0.7938694689190076	-1.0214280217970773	-0.3188817039260835	-0.41023610793924525	-1.496178538141305	0.909290841958407	-1.6884575460040656	-1.593735733919	-0.176325412325404	-0.33193153335378056	-1.3682888980406376	-0.21529244289227822	-1.213473947628986	-1.0484072744819233	-0.8355288090096092	-1.9718377455814897	-1.2149043268864963	-1.7574080081722299	-0.5246776446579067	0.30824793173392107	0.6156300043856776	0.2168100558956383	0.37785654307350713	-0.8474048180182505	0.09134662941880112	0.3837598679600357	-2.268375691973635	-1.121608786716581	-0.6405235019527907	1.5559147635946942	-0.3293361892108213	-0.0056058317635294674	-1.5050864112529354	-0.6497647998982727	-0.31620819433046	-0.9050324021552889	-0.03795505846265179	-0.5940888685720853	-0.14666556587547475	-1.0651309404841751	-0.02508641255909949	-0.512814078485745	0.044536546547313316	-0.13722805514169245	-1.2037545864217645	-1.4940112905566636	-0.046621092216720283	-1.0664224361704218	0.1786764936245676	-0.716694607790058	-0.1598656334798395	-1.2228667820382686	-2.8422512651076763	-0.8032865232672988	-1.4375262418292716
S047	2.7884087090565117	1.3397452167734691	3.2936581168422476	1.8892223661231207	2.5520318631387355	1.4909539542366503	1.209973525795557	2.601788445454578	1.3451489169567836	1.3352038240514457	2.6785257557773288	1.03060309269428	0.8248567150517676	2.396301833529961	0.3923530166957143	1.358877791115595	1.6677414268495414	0.8840127245003286	1.0663458993256432	2.492956659197925	2.1942207693476137	1.2036891418096856	2.383846769278038	3.1756810692584976	-1.1286751982040353	1.321011955642153	-1.0147090936164531	1.1549359344151022	-0.4499053213963558	0.41403208992328133	-0.5071672210337024	-0.784113489618884	-0.8858398941942163	-0.49945860374749806	0.03127820421349001	0.9555675673687923	-0.8005058684916753	-0.1427918922292759	-0.38108194598090284	-0.2330261930769706	-0.9840305650522816	-1.2700044002419748	-0.5406680664726167	-0.1913861389423531	1.7584135809227308	1.0331353828227954	-0.48957978070878977	-1.2015115970292816	0.18586374329605415	-0.8493403398459787	0.15728610242894503	0.7394671472966757	0.2493750754312396	-0.4046954820867739	-0.31274892000663174	-0.8474484472671721	-0.8520571963119778	0.27592557641720206	-0.7501681815610495	-0.23375041948264685	0.5870588998693166	-0.17871004395913803	-1.3898005576818768	-1.3733798276521338	-1.6371027166142391	-1.382384134427887	-1.239103914646647	-0.2090412813551118	-1.3170793347384757	-1.0002657699521968	-2.056058624123435	-1.3762768002847978	-1.0485065927429038	0.12499253408939304	1.7800908109648725	1.3326758608412375	1.2529077518473977	1.2721260275852921	1.608946702025238	-0.2274040425316156	0.4945469128642138	-0.3205659107549227	0.6464068923637011	-1.1207215265599935	1.3686657665554942	0.9893517552773492	1.7156833512016623	3.066352323424307	0.9740265867589443	0.01535904039303504	0.9253145123694058	1.7080642191679374	1.3066129495731595	0.9526962601829188	-0.9960376307385505	1.4258954083132718	-0.5142385336326507	-0.427231633306457	0.2537941169913087	2.1043398725748057	-2.0342430425237317	0.21190890137279716	2.234152356655926	-0.35659868991978677	1.1763562054424432	-1.0610909028052191	0.39310337441036264	-0.009998481576878493	0.6655234552169248	0.8823301281409905	2.1693127392143907	0.4411685614983718	-0.10987980733289654	0.7010805730224736	0.4424593015493948	0.8841179579269336	-0.4075712482076122	0.28404525741673103	0.5867047516245681	-0.13607522470153982
S048	0.775700621918973	1.8506395057397795	3.3829559478923095	2.2905627811048603	2.452342969146677	1.6415127334660016	1.1632638649560307	2.7163322257680145	2.3246148251957504	1.7604163216779625	1.4293662900074606	0.403454687130834	1.9263598531613297	1.2482646582151253	1.6961514551612855	2.3384151772688595	2.457637034429011	2.3768356451028585	3.6056863356303452	2.7337296932102446	1.2047723292479626	1.1469933310282228	3.6641554495373114	1.270973943231791	-1.4113801724993045	0.7109494181897639	0.9194005010202161	1.6177379226355346	-0.253782393097495	0.2678384239438027	-0.31785183118895044	1.096138841080022	0.6991817457463757	-0.663296840992972	0.09159861729231016	-0.8430813956445263	0.04528819267467925	-1.176086393107945	0.11333527432580572	0.9104404165794656	0.9675102201619471	-1.0350088419755359	-0.002822289060871251	-1.1118515281541137	0.8297352396592683	0.2820191430943741	-0.9515595911484613	-0.7744607144885073	0.20890445957435846	0.4594299501451209	1.337138212801234	0.2949824833438055	1.6251224970005076	-1.1422540408118276	1.222569229072076	0.13711730836389	1.2230745849753468	1.3798772140219548	0.8422408835663149	-0.29189332426133774	0.6082460389830754	1.1100087098719076	-0.15662576540616546	0.9026507233698905	1.1593429812611282	0.5154043326010973	-0.45538998518230867	-0.15217155436864338	0.23289032470357987	1.1116891179733828	0.2643444385602628	-0.2878878674255557	1.744589406157065	1.132993903718798	2.610399993727394	3.2333712009955637	1.8175429959436429	1.8404310746517885	1.41566969709064	2.8786159908182807	1.2374008605398776	1.422231764042854	1.6696932166187275	2.6502578524222384	3.473117110296681	1.8191272187140304	1.6090816547114946	2.0950742361683985	2.615948392091687	3.0213655212825534	2.5895105884296266	1.2389687246493548	1.3716205614628294	1.679691542291863	2.311467036197861	2.75311752900585	-0.7685145163532388	-0.058867295478508774	-1.6542488321822026	-0.3671664601169484	0.5894784525056352	0.946544268894019	-0.818621353185329	-0.6856055249031106	-1.3221433374521085	0.1499325831073458	0.16486305448064886	-0.08131123529939432	-0.28830615338770244	-0.4237369913645581	1.32347770406027	0.49898491146645696	-0.32102259146380746	-0.5199053662646053	0.5684918976851562	-0.832824171155665	0.1877394671424042	0.17271928186122554	-1.2910424924042605	-0.7737660268940485
S049	1.2797954907078388	2.7109910349394575	2.687356464330845	1.2713981414042297	1.5086582299654725	0.00701632306983524	0.5884248043167	1.0228964606466273	1.3105756291434354	1.0564473838887067	1.4369389499949554	3.069264975850702	1.6865764534535932	1.5620695149381905	1.3165648494475033	1.1775776807345515	2.30145944490217	0.522094620161974	1.2146401446815236	0.43848197986683746	1.384807526273085	1.4103440225212733	2.0515089712248242	2.2732330613875593	1.178305488805784	-0.628040132246059	0.7859352515697179	1.020411238053462	0.20290583571073917	0.5185087923325994	0.8032141611924987	1.1931618867807778	-0.26807999071333655	0.28144664102638284	1.371634257504041	-1.357951610138087	1.5152427521127119	1.8008662870934389	2.2484208564451045	-1.1568931831293625	0.36358514076222476	0.21291157558328166	1.8919131008878303	1.2647850605516755	1.5504137871728358	1.3189771045437886	-0.48826590665568015	1.0669403132790736	-0.09749083332030017	-0.5181492330067687	-0.1855808692343851	-2.1559714031914137	-2.0732238944108934	-0.6136526772362414	-0.9200434878401831	-3.0171623399095227	-0.9049557972418573	-1.7227981894468434	-0.3087271750003726	-0.4611010984642714	-0.7048374764073055	-2.0036344159410593	-0.3516395166901791	-2.738939219947939	-1.8718630250234864	-2.4963593113888063	-3.284754590312656	-1.8426886322530813	-0.9276952351382287	-1.4222840753567512	-0.2067700283645214	-2.660627281273541	0.63079547454692	-0.6969507761437077	-0.15762918719976204	0.3801589437650228	-1.4759498286785466	-0.9282743671685622	-0.013655042149735008	-0.4531966196810577	-2.804685796508606	-1.602529409954705	-0.6678808794503833	-0.5754109724024168	-1.2084020555302106	0.33630866982217034	-0.7272284100138681	0.6691684966930855	-0.8572942969203197	-1.6108987634479202	-0.827030424329699	-0.1631840028297632	-1.496824503562848	1.8805867942082786	-1.9676231943249405	-0.23930237780454758	-2.1317219592725425	0.23805430404389716	-0.7798444988127717	-0.6361503245491386	-0.4463143676415225	-0.47654879370888154	-0.5873952357928872	0.21815335155890614	0.6650812377683374	-1.0563092444402042	-0.5645152771319865	-0.10519546438139593	0.1659163873364572	-0.7318899939783856	-1.1405932629327276	-0.3596659030323424	-1.7492441628385174	-1.1463547708379904	-0.7648803166997454	0.09209821401494311	0.5441498391385352	-0.3027904711968712	0.11940479296037465	-1.5464155673444904
S050	0.8878318772990833	1.6551878403312408	1.6281830250372036	0.6096673611030623	0.6560579007592223	-1.1916449427024842	0.6135749744409997	0.3533071675566805	-0.9934157588478372	0.012271585185517297	1.1233195840766221	-0.6336390503945131	1.3917413424067233	0.737219865649339	0.17466993846412082	0.24351858091598041	1.021322094058595	-0.7877350129495533	1.9899899625765096	-0.2933552129686263	-0.2548461828987153	1.3339949684103831	0.9894222786683392	1.4176937671788048	-1.661023170535305	0.4347569131076594	0.24221824315395232	-0.06309200516211877	0.2720586380051423	0.6531481224683073	-0.5440606455761575	0.36806617105278916	1.2461555916182454	0.39782677197799554	0.2657906013084854	0.06962933174626489	-0.9570272079320472	1.2240569898275173	-0.2486678298468911	0.11343141999004533	-0.15739560051934282	-0.20323940257171572	-0.39061068699225987	-0.4821768793088893	0.8270965800573193	1.1738700316708566	0.27493314606032715	-0.8429125354529712	0.2566134602582253	0.1031354828473281	1.0698796288326833	0.28495800891444145	1.2499544896990835	0.9073967366673755	1.339250809686018	-1.1418188671423175	0.8530371726053911	0.13666864847485682	0.8200587496960104	0.15239829365023305	1.4876864986665561	0.2888191454789817	1.6041824026678753	1.0898022893924397	0.6723813658997899	0.9469381461637075	0.1927225982124655	-0.2816155607860946	-0.26835831678084476	1.5724172898764568	0.14965832506692556	1.0309228908893358	3.874794785074762	2.64437754797064	1.7797774260665449	0.6048443648566739	2.1994158676296443	3.4458228848754358	1.2917060093435668	2.818135002117572	3.4884881385107582	2.9928751061403895	3.081313783032719	2.303700395260744	2.7748590416906906	1.5324586121361365	2.636184586217535	2.175976040110749	1.0721807096541014	2.4356163282384706	0.43306822499661535	2.077137293702553	1.715822618429911	2.178783254509763	1.5914439616033569	3.031536374637046	-0.07456308205002371	0.03897200109205051	0.6045275964214715	0.22232272861308588	-0.3125686089165671	-2.621959558710442	0.4595814614569961	-0.11835032904603615	1.521402829387843	1.1183630438142877	1.573112010774206	-1.4697918198154076	0.8421015778021061	0.5632690397826606	0.46933309731116446	0.7838698873753072	0.7431018734423014	-0.04675996428093909	0.12075069218567253	-0.6751230993512978	0.6434157485086145	0.12331715814222233	0.5086962656358535	0.808043012994842
S051	-0.37153377319058767	-0.9072018892436795	-2.2294259495806426	-1.5865905603131067	-1.0495671405847906	-1.2220646886504445	-2.85054488882827	-0.37279434479818074	0.17659533729499688	-0.037042473328603887	-2.0226063334636737	-0.8595452084913366	-2.909517099950109	0.14369588130426214	-2.760220160105221	-0.8799116216844087	-0.27825488138368715	-0.175261247537583	-0.9331422205118447	-2.348838671567565	-1.2892592667176	-1.4229734116301305	-0.9136313050446134	-0.41812184506957195	0.7937661078882641	2.6231542339636085	1.0965974736047333	0.6900057670191098	0.19140262112417628	1.2708597263401673	0.6552925994255032	1.8739708085498004	1.7160858835680926	1.2580230623123154	0.906929129870113	1.2777051168317084	1.0992288127907652	0.6596999430245707	1.910595519574445	0.7725479489457348	0.41890363921842383	-0.4954194557923094	0.6748193367608863	-0.38024967992456127	1.4568873750268025	0.20184676196560114	0.11452043330809913	-0.9648006967742925	-1.2091719448704819	-0.6147741673085128	-0.4312617595773594	-0.5654742112797204	0.30754094691035083	-1.8555699253127216	-2.0586993899818893	0.1519673009436351	-1.5757129264116214	-1.2144496895919326	1.1515164461338445	-0.07852376263112704	-3.013341198233021	-0.18223193384504832	-0.5702316182462028	-2.487534432243656	0.019003188600944076	0.0423148799027645	-1.6179727073359156	-0.5131229975946908	-0.2720142353592766	-1.5645173779723842	-1.101977667220548	-0.18678058359620642	-0.908339326424209	-0.8952080453528466	-1.278055116978635	-0.4558114202419733	-0.09876505764671273	-0.9372424456397876	-1.5731326413672284	-1.2672053928064844	-0.6439959652369289	-2.2865199058035697	-0.9898494423371837	-0.9833529223172508	-1.1145743649072435	0.19444156386044076	-1.0656018929881954	-1.3419710689009514	-1.1674382774136376	-1.1275986161854743	-2.253437045512015	0.7150409891101027	-0.2505012331911586	-0.9620451550996828	-1.559213402041398	-1.849723058643867	-0.7151698347998645	0.8308387865193511	0.5461884096845129	-0.10586064562560282	0.3133302283700905	2.0231239036213893	-0.21667111319492705	-0.1988481239332227	0.563475512889531	0.3612568240778584	0.4531865733208146	1.1679859718231482	1.3826470665828272	-0.11610395931979145	-0.8165110313021631	0.1100544132244472	1.7455744332390213	1.266249228647028	2.1549170007874734	1.8553381253249652	0.40196159662714015	1.6381210873467065	-0.17040310599210828	1.2372742063988162
S052	0.5251785727265527	1.6928391130155467	0.5243865509776904	-0.31550813976478975	1.2995295086080625	-0.25607658507581316	0.2210366756434267	0.14016820797079935	-1.839039219768274	0.21700182961934297	0.22709782968039122	-0.17221817709798856	-0.11748371332744077	-1.0319769279375608	0.06151651395031967	1.1978862560014063	-0.14626978752887015	-0.4221547343085394	-0.4906372489681646	1.6092161934297822	-1.0886489242217339	0.6715056807494028	0.08467531099726085	1.532263005645505	-1.2660359654795112	-1.7292778892927556	-0.92697835588934	-2.2293489517865828	-0.6686392066771518	-0.8960795558176694	-0.17527865130586684	-1.8508525083802005	-0.5835778144761431	-2.1397220024316495	-1.4025484540166975	-1.6756357044091459	-0.37519645223900033	-1.1375222394315918	0.08139600225251864	-1.166834288369707	-1.3432464912485893	-1.5390246083035437	-1.2669410733222097	-2.0596434351889386	-2.33899495936134	-1.9111230088387157	-1.7733458206165085	-1.8943521151549896	0.8453169632282995	0.13944272985385298	-0.732271616728503	-0.4382612777869664	0.6108790286209291	-0.3360263915364438	1.420966044979749	0.1995671261202685	-0.8244641810892768	-2.3013494380637187	0.3323664168711413	0.8135036216550413	0.10356281370394677	0.06948692363207418	-0.3222461970046811	-0.23992397456400766	-0.5309144802942651	1.103754610881704	-0.04945544929581891	0.5316347269723607	0.6132101734141493	2.1615987312774676	0.11013178821009151	0.27079867377866085	0.11630124624866411	-0.45595345493328926	-0.20230904783443304	1.1069868074100504	-0.101367899351952	0.1522009975495374	1.0440759128570107	-0.2344435073870123	0.24596403684573112	-0.10512048642186822	1.58282663453303	-1.147181691259425	0.13739008968071587	0.10287817617796703	-1.1275360618182886	0.43382601733074966	1.33319474446681	1.0639902332747648	0.9887806357945528	0.2158635585606939	-1.0155847466253323	0.5311950641837853	-0.8578953466227739	0.1110197557050139	0.3339664213262177	1.833692997481801	0.8999976540135513	0.07741560685030646	0.18743992836667545	1.66478859755245	1.5127711590486421	1.1289054696119971	1.7755821390339084	2.2605673768725234	0.7735028145447077	-0.21830672805833684	1.9154773913753655	0.7324724730627274	0.37515398399186906	1.1304538395057513	2.0496202141405866	-0.25621262007172385	2.250961944968881	2.030840462682298	1.3588227762022043	1.009337572442651	0.55207585876341	1.7335448714404436
S053	1.7054872717835643	0.5858205143067251	-0.5766999749846063	1.8001868096938631	1.8229098691918222	-0.227446660538432	1.2526617328404408	0.01586169598881726	0.03552268998464936	-0.6309758004724989	1.4027991170757856	0.8733776759557836	1.0520747196429943	1.8184548844577413	1.1913746443511237	1.124125140545247	1.255894038329666	-0.19518254028796445	0.6289028273837817	-0.30853430864066467	-0.06345555341019293	0.5830217338811257	1.505985029616086	2.3030461461955025	3.161119300895253	1.2710366832912534	1.178676587112837	2.4218665819124814	2.1365563253894173	0.8327908106660938	2.099508939079085	2.22701699922177	0.7507964709391851	1.3059217579247766	1.9867669315620353	2.1406973401514113	0.8218583309601862	2.374862504899231	1.854092835239496	0.6849792064793412	1.2231669832559868	2.884241472138555	1.7298346796841915	-0.09764397569503536	0.42146254252630655	2.623857925313355	1.3714390499529094	1.5496241419100443	0.029104560043609617	-0.021755454598754387	0.08880137149832545	-0.9898625073271797	-2.1315001005231844	-1.44020489907246	-3.0059914806989108	-2.2375374315352636	0.7713410997814608	-0.21655813054820927	-1.3466765297653343	-1.4540887888045844	-1.6945576116134515	-1.6707348096466372	-0.6528409967191382	-0.2626429315455917	-1.0503072362194346	0.06679872516807095	-2.9313472730212444	-0.15257172646985218	0.5749414672031447	-0.398373337451453	-1.515972485694042	-1.2822258403605185	0.7916752330022184	-0.4945656644379094	-0.5149467177089728	-1.0381980704797318	-0.6037741706840118	-0.9317739019987014	0.426278178379674	0.6923140073534427	-2.309355452266771	0.304244550190898	-1.2649477440479076	0.9926200271294939	0.15186830047666697	0.5117396655260683	0.4006014772991163	0.25841470999323857	0.036163762597561024	0.7617633820169584	0.5184244930866752	0.5058447846698174	1.4223661214654937	-0.9799237341508363	0.2505830605970835	-0.5559143015644002	-0.6845675935679557	-1.2740885789124583	0.806604668147322	1.2409342820358829	-0.4514525608128651	0.04632708004946301	0.8254641670487362	1.1041295009071104	-0.009066255640159226	0.5646607310824873	1.299845184995056	-1.0627898185165163	0.9013804441804802	-0.09994794878832075	0.37233563524676455	0.8388831327870918	0.0052542793025028844	-0.7295969356327326	0.1506689388898829	1.0571955821690087	0.5047316344681486	0.07744938546294361	-0.43053335470627707	0.6872609747814027
S054	-2.1565159940635765	-1.1496971306627684	-1.3450898127144655	-0.8665729658112407	-0.8224335579023804	-0.998424532312811	-2.0621026977075365	-0.9726211253872923	-0.574500093287337	-1.6990741297067564	0.2941704751228764	-1.4762920093070777	-1.7954496219852272	-1.0512582330232092	-1.4944330510612311	-2.3820997150339416	-1.309286892967929	-0.01179951103082999	0.3136643902023146	-1.7419946321421327	-0.5641417808361018	-1.1823378998670893	-1.0612521600277096	-0.2744644931785625	-0.4723689532564819	1.6928791412961952	0.36887206778225284	-0.02227380229830317	0.36178341193966046	2.868772624562226	0.48384296661554343	0.7592287976334945	-0.686570386535414	-0.04381929706357529	-1.02963281298228	1.2248381358938458	-0.08528811122908858	0.100504058856488	0.5596206334160926	0.7500800498113744	2.1077996829205152	0.4781968258947233	1.3043880760862672	-0.11175673614852638	-0.33574826966147947	-0.1116036965261879	0.4121771370985599	0.6655312362814356	-0.1475504764686515	0.1385885320520719	-0.5418365977704385	1.09471381932433	0.550704725492372	1.2129363951854106	1.3945313325583595	1.077360084426471	0.19347226701277842	0.15071989734005498	1.0351769707694172	0.07164529247937534	1.2517348244260926	1.3943525657984126	0.8588379846146516	1.0003350412346508	0.7066672579911348	1.3953605457463238	0.5498963789229703	0.8020990530392619	2.7299164617990814	0.14440465139446101	0.7025792490957583	1.377782824200599	-0.48782565679955625	0.2440104027105157	1.1072267510902567	-0.721397384251956	-0.027280818439600313	-0.6952043864837791	-1.0495294497879282	0.32581259750474256	0.5731030118378243	1.7369323577142628	-0.5389827572762966	-0.2959694772476491	-0.4528748062662289	1.132958244218439	-0.6590878746201961	-0.37604020302921926	0.013110135039755139	0.4418187416833928	0.5955287883675535	0.04338524036298427	-0.22890605889792157	0.8376213290984488	0.5342117749232379	-0.41311218368331926	-0.4801120265638872	0.11013908954861173	-0.6425370020863816	0.10138674048843122	0.6440384811089299	-1.0543482327131646	0.43960113565123266	-1.1258314280809836	0.1994190683113664	-1.6011646796204881	-1.0375252797798298	-1.6707346148750306	-0.013698628994512019	-0.5512694466209127	-1.8742318082658287	-0.2601117755384131	-0.8740881878910833	0.6005720931234617	-0.8148400448572735	-0.9147962966098426	-0.26711480413478506	-1.000826423410913	0.39113100582370725	-1.9131355240546677
S055	1.0767792828132423	0.5185783927912015	-0.347873368366445	-0.5040626130706733	0.3439075718241571	0.6540127221555143	0.7976595739892685	1.0206975428825313	1.1787901632204822	-1.5273392972216489	1.117874326605713	-0.4428361610824114	1.2863769199875867	0.6644375225358472	0.8995699144116357	-0.03761853838125284	0.6212431172748388	-1.0986480033302304	1.271319353545668	0.13045106926935485	-1.6761421756822237	1.244308903109388	1.736541041503918	-0.30578155294120013	2.48558354826084	2.3774563458264653	1.1895217185193463	1.8769965362943948	2.5047243690311998	0.5712839709558033	1.1006236787988204	0.6230099700451492	2.1265751176585193	1.621289142230829	0.9432313398901893	2.047444195910828	1.3545782113287181	2.429106876013395	1.4832495650169484	1.9041713859553582	0.5285707447432235	2.0020557385464532	1.3366579015362732	0.2861261694931292	0.19065594175062195	0.8606853339525418	2.2664359053312593	-0.055501056468399534	-1.8316115659958034	-1.2271692639090366	-1.3138918414621261	-1.1039243485659214	-0.9173434324169146	0.11881694427339418	-0.7803443460971937	-0.824643550757859	-0.6122002571294847	-1.2377519365997938	0.019952954734109962	-1.9606866697098615	-1.5506926423694194	-0.9076194528854851	-1.4263079496009676	-1.9102706014052275	-1.8277934033822087	-1.4991347134542516	-2.359276179413698	-1.9949145872410754	-1.699393660476414	-2.0471336216190257	-0.7793450184542413	-1.9147972728335252	1.8690450752709484	1.7470073145169511	0.45837964039764556	-0.2190703175584212	1.6590274222463428	1.6510719722374945	0.6346674412482144	0.012598492295888941	1.6766323059462596	-0.20493358071082257	1.5744641653924574	0.17334833090253438	0.2820540246240003	0.6944898650499159	0.8560550658468848	-1.5628011661986032	0.7825116034344531	0.2848439924776086	-0.26437067491979127	0.19474442427053928	-0.9678810559774965	0.34307703932045797	-0.21328023386073003	1.3905506675135215	1.6967057772734873	-1.1102698039428014	-0.35418972358815404	0.9044111213940086	0.08061675114928554	1.378759619919317	0.47388343374426256	-1.364953461512119	-0.03617961229382899	1.0983489186697377	0.8809130086944749	1.6558357960478816	0.12756441501769336	-1.8474835534071385	-0.5634270996022037	-0.4024895833237164	-1.0096928044376552	0.38513825393386447	-0.6304914297068495	-0.18647438617672685	0.35816216925465005	0.013106966874221498	-0.8152515909145426	0.15389405220521366
S056	1.4000316034564295	-0.16994066606768393	-1.3833528091239375	0.14354971539876815	0.6907728564165778	0.5367045983244714	0.5127420544179428	0.6670019810320846	0.6031082257205422	0.25703305205594074	-0.051241403700414356	0.2172230167848541	0.1485256418958073	0.18752559607430713	-0.45249905020613507	-0.004211812791508118	0.4956446458503219	0.6773988231713443	0.3786405368072835	0.2829357634339638	0.8574235936799608	1.0814386233142645	0.9739275977826176	-0.9700635735208856	1.4728768654451088	0.3930319360336125	0.7193979256540267	1.1352792059795	-0.10065758332820851	0.5093933457277031	0.4159557968629779	0.06094857159434591	1.2167991132151816	0.6302955172278234	1.136755466223566	1.2199568935304952	0.8528468542485299	1.1508297145305315	-0.3668938204842196	-0.5150735961404301	1.694469710873085	0.22963017155583232	1.0533096996952196	1.410231706476509	0.8262787707797606	1.178339294466706	-0.4387171430307376	-0.5191425284578203	0.43451189825011577	-1.3043704887248768	0.007022059487359747	1.2131426399322534	-0.5905618240074286	1.2847998266492626	1.2951681545964437	0.24671947241736303	-0.20291366201383682	0.5152442348116335	-1.7793180119536276	0.07524470956411457	0.7340709504655305	0.222018798654469	-0.2825556681880975	0.24323812683166712	-0.408035527877798	-0.42250513816929103	0.31119706117289714	-0.1906548130132802	-0.3261271217812591	-1.2857814506718561	0.9584050052492213	-0.9426725219567792	-1.1626913762847806	-0.06377570147342104	-1.243746245496823	-1.779493674368016	0.9856772755584926	-1.4721579832729823	-2.2718454595577473	-2.223324574227122	-1.1407718381530365	-0.26355677572656133	-2.176107392361981	0.29338608737459126	0.38780476357475036	2.252617773460729	0.4594897680006653	-0.2290655653272211	-0.570152442595903	0.7260666477350077	-1.2056207759093351	-0.7709274382375116	-0.21117506804891695	-2.6858709246354415	-1.557548856410311	-0.9546798843384892	1.2985387047205657	0.09725497840019715	1.083174128719898	0.35236445166020686	-0.16077267699754805	1.0729787750113615	1.099320219831647	0.717952289376068	-0.532848761383329	0.8290750779721655	-1.2700667064658784	1.6322096837347706	2.1930932629978557	2.6969732378926694	0.6572160227202701	0.6505076554588455	0.29850348072547717	1.4935428516574345	1.0642734143413866	0.8500993140480786	1.677814868145476	1.2360641936222634	1.0040810011782884	-0.9673085647727988
S057	0.331718650959375	1.2605663935911287	1.1083605829045253	1.2398912050066628	0.9475239303784093	0.013213282113726965	1.6740943498355145	-0.39162837540774775	1.4846489579018596	0.6829426189703888	-0.4820806554664624	0.37911568351996444	1.6590441211765214	0.22532138809846197	-0.2724391934885927	0.46501049695582475	0.04158275712962378	-0.30443725942000543	1.0460729257444452	1.3345805700411129	0.2546575902099708	1.114941062878777	0.38642111202725044	0.6162714206374125	-1.0275316934724081	-0.5879484475266583	-2.185319930644769	-0.42425626026288327	-1.5830774532694023	0.6957625897406358	0.24449080699179337	0.28739848757636055	-1.651144533771048	-0.4153504239558432	1.0622999711222567	-0.6719855664469611	0.5846840262346646	-0.8114307857743587	-0.22416723706423192	2.0160668282825878	0.43483766666641166	0.9509564680422096	-0.1404357804147152	-1.3292184212043756	-1.2632326007329497	0.5622198124556587	0.13882997801469854	1.062889573482312	-0.7349480058718122	0.02001973148901383	-0.19999462006146665	-1.214212753307657	-0.5439120448028406	-0.31080926985371193	0.8395523617628583	-0.7524452460548922	-0.8787809743998488	0.048063829952121065	-0.5494521460821239	-0.8678962955337214	0.2731176884394714	-0.24345688303893281	-0.14441898146088047	0.7584465530475546	-0.07281829129326292	-0.47344591070281605	-1.3622554613888995	-1.1083271336700224	-0.4916876874753696	-0.5086119511488857	-1.1591401347307846	-0.44727012078770095	-0.6861217855217748	0.3482021512404787	1.1652123666087733	0.3823710278011865	-0.21723660742312054	0.26815886695136915	-0.9477670955507526	0.0862681308306654	-1.7029940993869654	0.6079447432259265	-0.9861186392528457	0.23967906715326656	-0.16872009072943717	0.8854453917223745	-1.1793684180892654	-0.4072777642695223	0.46005895671260444	0.38609998314725913	-0.999144389004847	0.3213742258918104	0.8573500429051962	-0.7472949769086379	0.6009027112694026	-1.2835308299802555	0.24535969887261433	-0.8128528615596841	-0.7691650671573037	-1.9536637599600353	-1.2707425982736293	-1.5216090292557576	-1.0825153777573966	-2.025450367336797	-2.3815992243613344	-1.256280390862935	-0.03241554307522221	0.2868012977458989	-1.2100744093266305	0.05428455301574564	-1.5340202395413831	-1.414050663671977	-1.1932017904974046	-1.6845177831345857	-1.1654438868342947	-1.6057126944175524	-2.3582211749794144	-1.6599414586219599	-1.024739826391431	-1.7287187392354522
S058	-1.0853960379631342	0.01050886635642434	-0.7780708746195659	-1.983408453589099	-0.7714545781571917	-1.3610685829465752	-1.5572062938832774	-1.8559270527731813	-1.2051261768023274	-1.2322239149865355	-1.5058638583927726	-2.2970358420358004	-2.549855801212807	-1.0817303731454655	-1.0415541639921884	0.5623849831244432	-1.327048374247667	-0.3669787034198987	-0.22795498890180854	-1.2329713710701842	-1.1226771640071278	-1.5279929565793968	0.2360094018702512	-2.3908637037616582	-0.2397379466124492	0.4258701941974349	-0.41517508560806404	0.673044967830017	-1.524543847338958	0.17120127628035695	-0.5683194509526349	0.03757582398816704	0.9528599284961131	0.4510393213130933	0.6426794121204491	-0.49377292197545797	-1.9963455816364433	-0.759550801108038	0.3505600059827421	-0.7941838506068674	0.4379966102509888	-1.3322283317926225	0.015715675712284605	1.206900928868414	0.5433340727801782	-0.5384624446625348	0.6844395739769316	0.034644094720632804	-2.196824130829933	-3.2235170566701434	-2.4068019336796524	-3.1638275357986325	-3.2193787024226723	-1.0466371400588614	-1.452667120860359	-3.574569760083902	-2.847070298568558	-2.0154892872191073	-2.3087017461285644	-1.9473425805688782	-1.9488277973703725	-1.6033194846114265	-3.1829285805128986	-1.9865499233697876	-1.6746870918983272	-2.9589456713353375	-1.7652640908620807	-0.984412913074742	-2.343823803563875	-1.6836590187276361	-1.9688998485634557	0.2614856827646239	1.9759241621961898	4.110745267137157	2.3881211745022193	1.4509077941576414	3.0724472799730527	2.7632114502526095	3.211751911140205	2.044767806524934	2.358312584752531	1.5985575908911627	2.6518001437413905	2.3335427982598613	2.8424768911502407	1.5035644085644415	3.0770881061391835	2.611327267819395	2.073074620400688	2.8956896263722554	2.1820345944241026	2.9992432040499852	1.875465115363457	2.1015580155033096	2.043924500991764	1.778983929806564	0.844052173744238	1.9942437054602238	0.09960401301947097	0.45201185243149056	-0.4199307958333174	1.1989295195886214	1.447211123974218	-0.16751510488281596	2.186259855386398	0.22472046566669623	-0.5156202353236616	-0.7286539170969866	0.15993456795195804	0.4285252777949873	-0.0041677048684427564	0.7016151686433946	2.2313207299272806	0.9973196214220768	0.936238275780482	0.8571715613197577	-0.09182587082294869	-0.16292709911526504	0.09934273497444446	-0.25099424056939834
S059	-0.6934194909491969	0.44559582324388536	-0.747846622705894	-1.1184525718619427	-0.4753964624828739	-0.24011216189298273	-0.20774811308985158	-0.4363879200906696	-0.06162967628084326	0.09485827275989989	-1.5472089019423585	-0.9648160322371553	0.034050488957254155	-0.2708065524545872	-0.474022485360357	-0.12371945834444431	0.10002041572165277	-1.3481402192924614	-1.6432581017540548	-1.5846477405868544	0.8252367312699179	-1.505248630637388	-0.84937227007504	-0.8100852113068886	-1.6527575172041544	-0.2536338525472539	-0.8496511162966344	-2.721274341065199	-1.6663438592389768	0.08069323139704543	-1.2457159561087798	0.43038969329045607	-0.5506507229147625	-0.39461655787117356	-2.4857576724364745	-1.5354040162762836	0.05323141833920597	-0.05502343175309532	-0.9965405433738633	-1.6844339030215751	-1.8717246411845938	-1.3713228674825781	-1.2390136291323854	-1.938054474321852	-1.9324006227325266	-0.7001053032700413	-0.13952708886262544	-0.8217102678616677	-0.007737588037602716	-1.0307483360448142	-2.282795414281609	-0.4155632217457071	-1.0153903103154802	0.6157437162890242	0.6422870076048703	0.3784650486143557	-0.47468228740121643	-1.7953369641908816	0.04951218628483445	-0.805596413403666	0.30033812889504463	-1.036236142904255	-2.09122023476713	-2.2353580012060696	-1.6833972458579685	-0.028059418766105404	-1.9766832269382384	-0.8213722218023314	-1.3644856277079787	0.28880994510872426	-0.7478813404226283	-1.5705594399002938	-0.6584076179974708	-0.4180962630865376	-1.6945275042289936	0.9656776090372082	-1.0663474852633328	-2.422074526634552	-2.033394605147223	-1.9422657631428866	-0.8502191862964473	-1.59524401696383	-1.3530015523167376	-0.504466707032461	-0.5344939571988085	-1.5624967770849199	-1.7000986771392825	-0.07544133905784534	-1.2480857758358717	-2.4894079268576186	0.14840240523445603	-1.1284481276487346	-0.9487068944900229	-1.6868095906586853	-1.3560781467752414	-0.8557564995367787	0.9795984465313231	0.1741629335178537	0.042560316545947385	-0.13371960223107976	-1.9966933402888472	-0.5866204663564923	-1.381742450487432	-1.383797459376449	0.958899516370528	-0.35604395173601144	-0.38667225271561295	-0.45349064052547283	0.7294501366115923	-1.1734267984609348	-0.3223420430642109	0.009086088247706542	-0.29422556581346315	-0.055959777380674536	-0.34241744976266497	0.43452206687201456	0.6502611247764786	0.08150913318867839	-0.06949127944261943	0.6178889805804136
S060	0.3884128850240117	-1.827092126264	-0.467849815905946	0.5350754303357314	0.45548456260926007	-0.10898565159402229	-0.64518651704717	0.9697115101647927	-1.7739929883584296	0.34835297302625867	-0.029892936226530664	0.03639410038292018	-0.223788182950304	-0.27229112918562015	0.30819514949855287	-1.3588710780637192	-1.433676803579326	-0.3064726588681635	-0.394714613797425	-0.3055071172714553	0.8359111396609388	-0.8998827299909347	0.16461976176939086	-0.128877084151079	-0.13278801019221292	0.8666365527227782	-1.187499104370949	-0.3562039012239711	-0.5439151394330441	-0.6450998528763171	-0.9937667524820093	0.5741128604598085	0.24701758661759088	-0.411565746790472	0.9992343561562584	-1.4212773879791496	-0.3760835079943643	-0.9752836936976161	1.1153911224429218	-0.3698546417783014	0.02323299596034295	-0.5090116533481015	0.6532506880354831	0.2122457919611011	0.16290045851779816	-0.10041335562029416	0.46127324458314406	0.1846126385957883	0.23012496921149006	1.145546456421756	0.40625577952899694	0.33414758530600813	-1.113777455919009	0.913205250054201	0.25642825362862004	0.8903951728281942	-0.0959907233774069	-0.33598282808999724	1.253843348336087	-0.7929710586098494	-0.5163696221242622	0.287712408863545	-1.700403376448589	0.040448445038386724	1.1881631004979138	-0.7831858177103166	-1.1150259923345343	-0.216260671131147	1.1051698640781709	-0.3178915339875756	-1.2143366809504683	0.8603364793168145	0.6149669046488975	1.772084983642819	1.6284313332732316	-0.6284977068865137	0.02287260853787887	0.6501747696652713	0.47653209175741973	1.6300686260695105	2.2298135275253905	-0.09375783196211662	0.7044245516520551	-0.2936828835449904	0.5889115377965091	1.5178889207409154	2.219914362059847	1.3518649963121812	0.8722319376206835	0.46500180776305167	0.7813836595542787	0.7916231080807431	1.2556348104561228	1.8120321866705908	0.27655059996413	-0.745881423951494	0.21792536136449936	0.76032916774877	2.9187452815145356	1.6366847439300807	1.9325227831075706	0.9305617617560513	1.2636772246897816	-0.007620067888247761	0.34405330731300277	0.4578292815809455	0.5641422445974571	-0.44523807119417036	2.0288390377515357	1.0209475493899576	-0.5766407556422972	1.1842734151318852	1.3905863870572732	1.7593511793272643	0.5300670186896039	1.238635193575646	0.17636548255419227	0.5981609496228206	1.3989240288749578	0.7870885230742982
S061	0.7234480140995241	-2.2915512289720024	-1.6066076024382632	-1.535233934999138	-0.11331959048955631	-1.8257367644415694	0.15655249184020326	0.10868474273488604	-0.47731178705771526	-0.8199010755912743	-2.414744458922149	-1.0240823022701904	-2.314339234763553	-1.4599030194620695	-1.0073213211357732	-1.4168990109482233	-0.4091574100055775	-1.2731428254765877	-2.4086676839898047	-2.0178476885974153	-2.188928619866142	-1.422946209985614	-0.1717340221570336	-0.7652050692555736	0.6833905384817492	-0.9558177123574197	1.1628956137090154	1.0593284271514363	0.7420940558699651	-0.03823382184853755	0.2216299026445506	-0.6686174986371203	-0.19575999160911353	1.7896980036123902	0.09603180150997437	-0.25139683195419094	0.4250508690053385	0.09393351535779057	-0.6590941484711955	0.585081449825023	-0.1533511999730878	0.23829817942282877	1.1439854999513128	0.4075017655888108	1.2686747605100872	0.6249833868415148	-0.339598527204247	-0.4158803230691497	-1.2368485755216412	-0.94907912402024	1.09541875962989	-1.3167576231035558	-2.521764709897468	-0.3940648777722382	-0.002150256739214651	-1.0020567846452715	-0.6156001869933382	-0.7673275489482344	-0.6141248844551226	0.37161651745175406	-2.412902927880791	-1.2483593021753459	-0.7064293719946944	-0.18420666668673125	-2.398810170501795	-1.0111353600468278	-1.3306637548778233	-1.8746386535570636	0.014774308655597812	-0.5132565850752271	-0.09631228510822032	-0.2370858510356193	0.5594041549631334	0.8404285407684855	-0.5474644719224677	-0.05323394192878245	0.9350917081186667	-0.20349581080007917	0.48330601384174665	1.0074480464540225	0.9118837502407398	-0.25823589542106895	1.7830482064861186	0.1094383177940404	0.5563320326608763	-0.20987101871507036	1.3090833367917976	1.7196529480047094	0.43422031502015374	1.8118891051974415	-0.09035523280925281	-0.0029000270728653244	-0.9889055901257573	1.3829825965683302	-0.3793961081959361	1.8244517533848061	0.820123428579171	-0.17577399168235863	1.3236226131216073	0.23475797927513375	1.6413755112290085	0.563790162782265	1.198842905730385	1.076467713090346	-0.020634031429242916	-0.6931337286940532	1.6604026692694407	-0.8050548259031222	1.6602562325035481	-0.4168755375251393	2.2364425653011852	0.4683490875240912	0.1263606577547427	1.4841741220200948	0.22910182894400688	0.02044084515705802	0.5250820277590107	0.7254226191152374	1.6094935214919954	0.19261988478187853
S062	2.010975454393895	0.7110627626080126	3.634698959522292	1.7167573473794004	3.6728980129958693	1.0454307200881328	1.2850906927013186	3.8190970693437363	0.8793726937255427	2.0743325336836373	1.4688036575476844	1.0886380053773266	3.4682315544245004	0.9360630364816265	2.457315878407946	2.622817955117184	0.9299267127497535	0.22158764444664558	0.31485595931917	1.0997011028839634	1.9174996121321426	2.0077215815331844	1.5881306177970718	1.6551226094094982	0.21175686846983208	-0.6840034578847447	0.5034628039892026	1.3407826895817416	-0.03277155932299594	0.045915520389016806	1.6693841976984145	0.8490336117854546	0.596467111532816	0.9135193152607484	0.27868842546540906	1.3970289114339338	0.891119943381277	-1.740900938067145	0.7463100123432979	0.46431222412811557	-1.0713391870126536	1.0510677130546968	0.09804142778947378	-0.30609061418890415	-1.5175808959574955	0.12406144484382288	0.14379631968252982	0.6369148327176978	-0.04340854692458934	-1.120267436070789	-1.5495114951562534	-0.1207301271427875	-0.2828848713926769	-1.0714699676502253	-0.2632428897617183	-0.7036348587533772	0.01923739113640177	1.5319009751929642	-0.1686292074777055	0.19042945400898398	0.17563903998294267	1.141189962208095	-0.5717146621371186	-1.1168801947979223	-0.6099146585608364	-1.1192113912502508	0.3867916764727018	-0.21082026404715726	-1.4812529932160603	0.1634273564333682	-1.559933047387642	-0.9686517840055529	0.6770569166349336	2.1575568473465454	1.772701804961602	0.11102465563219488	0.6294606210363412	1.4801002897015905	1.7598893915675151	1.7530594879292773	0.741887861111352	0.022301893806559447	1.0791111599749068	0.24430623988482758	-0.6418634991813194	0.23198116191918627	1.2762225732505557	0.6668749533892662	0.2174405879898963	0.7675335228939932	0.9040126615696428	1.9641668777839167	0.5066236452941015	1.8050783614801604	1.4667225043149261	0.48998397933005244	-0.10599659638260439	0.6709667940173866	0.08466394135102252	-2.9342045510833503	-1.3697605045165762	-1.0242919061618032	-0.37411170471125554	-0.5371066825681624	0.6068729168868566	0.7293606703859742	0.08268780071950559	-0.6185804910501534	0.7395668354245332	0.3085720863059102	1.183209991817465	-0.7679317621126118	0.13959975197830632	-1.3508045725215652	-0.3017912402322012	-0.8614956296276922	0.7772887422756752	-0.8731847757346123	0.1020702275261018	0.04489224079241619
S063	0.28332715826178556	0.11861165428038933	-0.19290734832880885	-0.9894844229276493	0.12614749471783027	-0.3509429865048266	-1.09417884621088	-0.9574274300784409	0.48700747830761504	0.9803948416245337	-0.9196921143865291	-2.158365251907916	-0.025939754847461916	-1.2185209894049804	0.09008780021878793	-0.7966765506034639	1.2877680554160373	-0.40611512416951406	0.22636983244872244	-1.4679537134692864	-2.751343879186769	-0.3876458337202185	-0.2863402563606735	0.0803289800449638	-1.4356883660870272	-1.6508648265987769	-2.246246186942912	-1.8829682708572346	-1.1853362378915704	-2.980888125764105	-2.0409669043489105	-1.6369944389938909	-1.6665200625203413	-1.092209070376445	-0.18017309447441332	-1.8890247948182288	-1.8219460331248598	-1.9484269919216788	-3.339532568084762	-0.6699027615237184	-1.3661715761254656	-1.0694978201088294	-1.6048703432132245	-0.9492613381906078	-1.8192862647115566	-1.0688618470614917	-2.1260728606409645	-0.6590339314877963	-2.289851986914731	-4.032360986666395	-2.1029886992143285	-3.5665159871476733	-4.409027010869639	-2.3004439411076465	-2.158590283583308	-3.035724349258077	-2.459758119153973	-3.6811888830425543	-2.1841980030849424	-1.1767488327581614	-3.597802578339149	-3.570606324981558	-3.14468154606881	-1.6134876259446604	-3.399018413107979	-2.777877638533964	-3.1460515930244894	-3.279340011825484	-3.275587687116036	-2.216463940099407	-3.07216878631246	-1.1322737684059059	-0.40429758861842185	0.28836809314529155	0.23603327125677986	0.16734219990938223	-0.837099269831356	-0.2989559297872753	-0.4006447401839323	0.3099640245726755	0.11296491070488715	0.01769506581957747	0.7296653332525578	0.5137986888645876	-0.7761370070249702	0.405497318181905	0.6516929834889373	1.1968727649459525	0.100209404986359	0.45493592295403945	1.0457031737235694	-0.4237927330809768	-0.34708012542660477	-0.5489089843687471	0.6843594755328145	1.067896084197337	1.2920650854300273	0.516363484227849	-0.21755521876215522	0.8450981563826955	1.4906826872722356	0.9862916909951313	-0.2391038345535048	2.7914729358615142	0.8984348820601799	-0.7086232665813897	1.5527890475908435	-0.35283611857695274	1.039832762645939	0.023122135851926684	2.5698335663787937	1.9346553671800466	1.2488058387550507	0.7108518845525441	0.5503687453145603	1.626010661206052	0.21188285656317596	1.808600041104683	1.2739643105427256	1.522592542634491
S064	-0.11407953346370231	-0.704501174254833	-0.9514266712185202	0.7714823612239321	0.8972023703352521	-0.37163703325680947	-0.09345806676712243	-0.25357872433840395	-1.187196356844414	0.4882621164334138	1.0057825227515587	0.15028986087496704	-0.8090082142602879	0.1703121227000153	1.420507781958947	2.0328944788464955	0.544247340869215	-0.30218319349646466	-1.2594907388896477	-0.9077792459279586	0.2578595893108213	0.5095819736221323	0.5342815689907416	0.11858765710280988	-0.42728046846427126	1.0561461154449385	0.7069840518713872	1.157864121869879	0.28654088448837123	-0.0655872177978174	0.07072919942887668	0.274129142909317	0.38477637884923505	-0.26592870464327534	0.2557782017041944	-0.9833643216488892	0.18434750919781434	0.3496401605059477	2.0560712778097794	1.7608789975327548	1.474149596834847	1.1050996279416678	0.46704546638091365	-0.8603035499649008	0.2249837403146968	0.16361240121506548	-0.09088163799222981	1.2125699025483834	-0.4196982221840753	1.3336784954095908	0.8403035056749047	-0.7042498446202625	0.9297705730003557	0.6951402645058119	-0.1704776482883294	-0.12552545752635424	0.7317874734958112	0.1104035041354918	0.5936277115276731	0.5243463798242726	1.1192869591136498	-0.2874220395124328	-0.6621107343652625	1.1438392379785813	-0.47255094572221945	1.1402921623805937	-0.03386491224332423	-0.4966076463899629	0.653841232652603	0.6007025130303061	1.2464595481761322	-0.7517509011219335	-0.6494963251502158	-1.099973225499955	-2.337764903244814	-0.21450858444318832	-0.1882064556674743	-1.2845017870688618	-1.6391860067684347	-1.2811956314565391	-1.6978648108566612	-1.0364849546231258	-1.1129484422722364	-0.9425414597652997	-0.9547053393757102	-1.847309070344167	-2.0313809581857196	-1.2656468106809113	-0.9640771513304579	-1.5531247178687668	-3.111425443811454	-1.2453052893254033	-1.100114710519271	-0.23538032012851207	-0.761162712654924	-0.7589814764069918	-0.5971873090575153	-1.4187365521785171	0.0071842601691434055	0.5725714128265418	2.2494662984597467	-0.2878102453264707	-0.6033256693087424	0.3251011407751708	1.294739066805573	-0.6285362108192042	0.6407003032654787	0.6107166429026801	-0.8893760639339388	-1.1038297885656403	1.1136056723878203	-0.2850537162763317	1.7379076460855258	-2.3181607227132384	0.42705686570629153	0.38255245225327217	-0.6798183750171255	1.2599561935836734	0.8729479953881023	2.0399311890861935
S065	-1.4931502292826666	-1.5197372892574992	-0.14071305401457523	-0.9182268510582763	0.7852958877612257	-1.425702748278496	1.0911057934625124	-0.7917694912544058	-0.0800213443821583	-0.08004300203071954	-0.5337785853609904	-1.8693588211761745	-0.6444888546082036	0.9593956113532627	-1.2832071655230037	-1.7322598633170723	-0.4336713430442622	-0.5884821978015914	-1.2928459519272373	-0.8606307172873366	-0.643435811823683	-0.5888721162461137	-0.12835348758489495	0.30675805638420744	-1.2029428867906962	-1.6292244450401019	-2.3137862895465	0.10104518708461119	-0.22104819821876898	-1.0379100920063398	-0.6542278802781463	-1.0826991193333748	-0.40619180767095275	-0.7331143593986647	-1.3494223493920472	-1.4891737941971508	-2.0120325481298273	-1.2737970029698762	-0.08152657086358006	-2.4186299586139697	-0.6307418540103451	-0.6361564858943676	-1.4898032789384426	-2.263194087572284	-1.4867280197184634	-1.4826009146978267	-0.5498538383536775	-0.6020002872068999	0.7607388119680031	-1.13453384562586	-1.1196094582245277	-0.9192777818744396	-0.5772398900435743	-1.2790824032257961	-1.175476140334559	-1.2660149177205515	0.19991064170263095	-2.140608131946837	-1.7497041551633545	-1.1492295459772013	-1.0792214336529284	-1.9737859711733319	-1.5714853970959999	-1.3852064547269487	-0.36901115838375786	-0.6171106091080517	-0.16946814139003374	-1.4313504315219872	-1.8868813104976017	-0.35166161442383603	-1.4348593506359064	-1.9685826318871253	-0.8376694985930538	-0.7321692090941672	-1.316452448363517	-0.17413242149387465	-0.029022539497643884	1.667985703298805	-1.2824953827546832	1.77464876849248	-1.358108188173805	-0.679994500658592	-1.2475806489261698	-0.2704619176346216	-0.22059284427300407	-1.161864807766691	-1.6193181415577422	-1.3004989814473698	-0.359701341287217	-3.094373497295611	-1.9849481126858095	-0.6555628962418906	0.2834607924877006	-0.40236099984283613	-0.871331518414173	-0.3918868711775615	-0.6237730824474825	0.6327713660588838	0.2647210736890601	-0.34778330432005045	-0.2768396067565094	-1.1858701700162515	-0.6705671327771228	-1.2819550943147837	-0.7253759366382029	-0.1929362056006111	0.4620551184345891	-0.08159010712505022	-0.42894320428834953	-0.9275747042061253	0.016442794339537492	1.200959152648486	-1.2098403116279006	-1.4637767697219959	-1.348704447779463	0.8703960549163539	-1.0729757904738169	-1.1256864618483817	1.042975698723388	-1.5954662277963492
S066	1.893132802940158	1.8568718669875632	2.927587243226041	2.4597154588063552	-0.7467992439918394	1.292943403899995	0.3222327263885605	1.0321637074923853	2.200331970676588	1.4225239795415212	1.2407614681608419	2.6370501024353348	0.38045052551189773	1.5084213987063737	2.0224799658766797	1.6027806424650768	0.6528527098796869	1.565418828151958	2.2294826190978205	1.8692728573883381	1.8376260193980098	1.8294313024302202	1.6916262322509543	0.5904642368952051	-0.4379931732730099	0.2541259429616688	-0.8691194369688723	-0.18272398387826655	0.6782509108564941	-0.47064682979421146	-0.27535856137502657	-1.2953489818978434	-0.3650888061651295	0.17161987724481217	-0.594376656181706	0.9530464530011785	0.3081783587638658	-0.15138582210480717	0.5449038838103616	0.7715948708887176	0.7844740855807699	-1.0031873573988173	-0.7707889050762021	-0.19441012223599383	-0.7998021183410587	1.3613495077596556	-1.7160215043845897	-0.052381834885253	-1.73310460705121	-1.16690219647253	-2.7488177041491006	-1.524546140689365	-0.3066388549560497	-1.5898694936170692	-0.6199128710933309	-0.059091800425824736	-0.9190703465110075	-1.1580603640068692	-1.1857036733478086	0.5841641622338429	-0.9338697052587106	-0.6974500502317946	-0.4091256715782826	-1.4967217373504482	-0.47027214796388217	-2.758715657074756	-0.8318247586775561	-0.6903133973972221	-1.0513499141461122	-1.7014208983757892	-1.3202295438339786	-0.08091766476162077	1.1163165884637212	1.20721794255581	0.025584178761599352	0.17091722417501332	0.2974064814641212	1.2917121961807487	0.43151968095607174	1.2234746977679651	0.544066768960684	0.3706538714550849	1.2325179133275204	0.3445116745167828	1.339971830536136	1.1549912924880474	1.5624396354688481	1.393548829053062	0.6361991518099301	1.6823375299905798	0.9803945793737963	2.311493075825245	0.8358400283226375	0.7461747779255212	0.6880255110460247	2.185394506060285	2.1289828818942667	2.5591788893294383	1.8073291988291094	1.0089185957971187	2.0239338916727685	1.3030449015491703	0.8532435583490151	0.9260803890782613	1.0898489250041097	1.310803604513783	1.8138441219649817	1.9068274379353194	2.9917170283508323	1.1390315063278513	1.5811913908456816	1.3664523231597427	1.1910051042778678	0.6935802010695851	2.249180671790575	2.862191787261911	2.717300756948881	2.0371785697739506	1.5429587885501599	1.549777945493356
S067	1.0730792379604286	1.6650311414890298	-1.1712463749587714	1.9261033597601003	1.5903005567821542	0.4530172183505201	0.7232809071264295	1.1572879500229	1.651108954420746	1.0211396695801813	2.2539634734526444	1.650861477055594	0.6911038623772616	0.9434154518785867	1.5024246858783559	1.9030602123637008	1.864373367489937	1.2422859857449804	1.4399570251156009	1.3002801539709496	1.9779529272935565	0.5313653740368626	1.8026351413123782	-0.16156146337195687	-0.3239603497787258	-0.01282723469642999	1.8870348491796067	0.7586477992516465	0.9483580624937881	1.2302139196750788	0.47427409945730264	1.3266788077559757	1.337721798471257	0.8593495396768193	0.5634616482459227	1.0231508215216658	1.6181495224728268	0.7275321224463256	0.7879331666091748	-0.21033635546892104	1.5535775850228783	0.3520178430807741	1.594537347715126	1.2725321105312508	1.8702658085554682	1.1943771521612545	0.14586592516531827	2.7306322526502194	-0.3160198225380385	-0.44167696840932813	-0.9020042427570137	-1.7208863540214256	-1.416834540355673	-1.0637234701021665	-0.4678180875861878	0.13852368955629168	-2.6160722266605463	-1.5444564061377348	-0.6832206122236619	0.6900365360959125	-1.9154434096143942	-1.1549412712014835	0.23192498641373216	-0.321693366133939	-2.467212016856179	-2.4247607749479245	-1.3912212470869398	-2.079817440907197	-0.8858601464298569	0.09185624261408754	-0.8711800231411301	-0.6339645382021937	0.2939468590054912	1.4550076788745647	3.2126994517923944	2.733689298193074	1.413323227011765	1.4709170364114101	2.272479727461765	1.8403667940937725	2.283850010564334	1.1923211588815255	2.178039085835877	0.7833832683585609	0.146297966181417	1.4244462995832845	1.6188288051180055	1.0819034200437152	2.158454968134321	2.3105836575448686	1.1594633620118482	1.3312540407535682	0.28692533782879304	0.8735497489644088	0.41676319389524785	1.196830939356671	0.05826302386426985	1.5441413722761532	2.645975835164587	1.5664102347692166	1.3142873594926217	0.6682997783031182	1.9231147728954912	0.9429951898467445	2.4610858377366416	0.5532330029530745	1.560903912282691	1.658289447245058	2.9784602397339737	3.7654467355264463	1.2185605547429297	1.596415708591088	1.904811510293412	1.752099135262096	1.8150807104347195	0.6549413209702593	2.2934482710517363	1.3952068746147204	1.0563842157143521	1.148489261882428
S068	0.9941789901602431	0.8383228753535221	0.6330533012962326	-1.072734841439928	1.8867318789032708	1.3520815388721186	0.6537112892932613	1.0003184874101534	-0.11815309811812058	1.0431711455838877	1.8814223405218051	-0.30911584894429944	2.787558609276748	0.2838094546683305	1.2952789211785043	-0.02753600263258249	0.9456771290676463	-0.3857988883671474	0.10615741194552109	0.45049079884787224	0.10869533449442059	0.4402086492307449	1.4141149138215359	-0.3883155536550992	0.29065365264635534	-0.6895372960973046	-1.234563823204888	-1.5474102554265001	0.5409239596402494	-0.8855136651242755	-0.43295582848399494	-0.0176681288964472	-0.4487772816694286	-0.2708597101384803	-0.80038498111216	-0.11975155784090041	0.12436563946034307	-0.7753006077825101	-0.4209681064376885	-0.970056877783616	-0.4812197379843264	0.3796487310087261	-0.393387243266107	-0.9868598474488419	-0.74515413799044	-1.5525550915686814	-0.9109083484814058	0.3298184663499292	-1.4312512748312485	-1.0618210222066877	0.10800735444455434	0.012405456783676105	0.39193917046269766	0.01709290244442907	0.6207939736485094	-1.683690547439182	0.5510683378137549	-2.4275373988585702	0.05917446082995048	1.3286288435394975	-0.7215704321514046	-0.04960654427235778	-0.5267430320424953	-1.2784307078290995	-0.5282202125828475	-0.08937487557473783	-0.29963802543404955	0.039488947285249876	-0.5726808883590417	-1.7175188463884856	0.7231512779879811	-0.4604323452156324	0.5072905932828138	0.6864785221976135	1.9466132420447302	0.8632790029413627	1.7912054315882235	2.2720433151451194	0.5667904584580449	1.554865097139389	1.4758353903841819	0.4829573806749764	-0.42372053971858126	2.451840126698807	2.7779627987452455	0.660051654805129	2.1735238947953195	-0.8675522844000501	1.9168190845087896	1.2457720934762795	-0.03869783024662521	0.11501102841209376	0.9047469719024916	1.764196306197181	1.737001274687682	1.0793370280413948	0.1933179210579674	-0.8897137230659924	-1.7273975874723897	-0.6047022005327611	-1.918763501939915	-0.3311071544916233	-0.9220384737116593	-0.0556058258273231	1.0763377555367828	-1.081938483625639	-2.0570488357064267	-0.3422102951967665	-0.5432221499789441	-1.0698622157972721	-1.7224505276564597	-1.1585094254416952	-0.44836922822701886	-2.1428651165633266	-0.5647621790708123	-1.5284969030407862	0.06714744923407256	-0.7455859618254521	-0.10610411023742639	0.364459666245335
S069	-3.160112419436716	-2.165862476725031	-2.6548616175843995	-3.0065091255154486	-2.0978836486961754	-2.655003365170498	-1.9345977236086416	-2.235317937842376	-2.3644818026047343	-2.2581018468914347	-1.3849175488479357	-1.1522262829583114	-2.331193312079407	-3.0274839363546504	-3.412543162361058	-3.9903724033515773	-3.1442746415269363	-2.88536564204774	-2.2455383197475642	-3.7079409425410335	-1.0597569195822503	-1.3526652840274376	-1.207373593885388	-2.613822052448449	1.132248614920042	-1.5068199758135534	0.4601163231106785	0.054793267763660364	-1.4712298398732953	0.21977512064824037	0.18654822318015432	0.39944250896899114	-1.1261151177452573	-0.5060324437316033	0.22547743444134663	-1.402309444462425	1.0703220723628022	0.16346636475339246	-0.4961405573816371	0.9545706858541143	0.8441336504559691	-0.4240129167238432	-0.866662262906049	0.5045320965347794	2.0593881221530355	0.07838863437628646	-0.4068975578274089	-1.0103768611925859	-1.5607459091946736	-1.242662706455536	-1.2128970425302632	-0.8222291300613858	-0.5091614977161922	-1.133824387984136	-2.0875722508425647	-1.0562467118604428	0.7449052437136675	-0.46039529734026247	0.3615800837025477	-1.487042108489316	-0.4857981756899173	-0.7062457718739981	1.3147192158828727	0.7466238916871651	-1.923281291156953	-0.9421625021188141	0.4018562648567644	-1.4560850502545124	-2.4031571703709127	-0.6841591456324061	-0.0120041458813398	-0.5215018384228437	0.8549559665812805	-0.28906807373519844	-0.5585310124877099	0.13827779511592764	0.8163137595663393	-0.1445955078316442	-0.15767425282134193	-0.2867932119213665	0.16570521247928446	-1.4451148394337254	1.3951679919769413	0.23915165998747287	0.3679415690123675	1.438769364453301	0.9248828823784099	1.3500063361812418	-0.09718543327382759	-0.05681418402838632	0.32089242126418743	-1.2347997901472583	-0.7941919618172174	-0.26604699116183395	-0.8356210270363306	0.6940273568929936	-0.41930399921045614	0.15174270522769054	0.9373820888373448	-0.5903367121466229	1.4908973084514314	0.9740767967983379	0.8343645343069588	-0.7370979353385718	-1.211217499108446	1.4354654792986052	-0.7117434549006844	0.24490218249836007	-0.3196607940702329	0.456596793320146	0.3534718176798849	0.0755448295968	0.43320984815409047	0.18760518279165958	-0.5070871422990478	1.1262335462487962	-0.23305830582349293	-0.27526380085560365	-0.3237669521020874	0.17474353596010703
S070	0.24722998312367583	-0.7058624806270403	1.291876626741045	-0.9183910757723082	-0.3588712837727589	1.1907616743366571	2.043878664458389	-0.021352208877228454	-0.2793584062811983	-1.9536765753248106	1.4203905874795582	0.29857471665396673	-1.4551236821419393	0.7491144890413995	0.5431339998913429	-0.23149072426440642	-0.394240120870033	0.6361292341290343	0.23918524131147048	0.44149588788998656	1.033224760347771	1.0065809369899463	0.6604394586378899	0.5202567375290311	0.19048535872230632	-1.4484634639981153	0.06739043919823129	-0.02219811701221691	-0.23794665618722158	-0.6420424567129457	1.231262394641401	-0.37614576228910257	1.0353800593181766	0.0593563031974873	0.6598513778531511	-0.8018055207402981	-0.021612062468878146	-0.38949530203085864	-0.5947993542018977	-1.4021146785872063	-0.34400865887911625	1.3467105500191612	1.0151404545374083	-0.5408184743345446	1.122932461818039	-0.28374362298478134	-1.075417271330536	-0.4802242119989382	0.08072176838644521	1.3430779785300597	0.5358138692387572	-0.26436958282958284	-0.027393618109685935	-0.03135606392714546	0.9947757417296863	0.5913357922480225	-0.9953755073003605	0.7225986131109314	-0.7158846085464456	-0.03887150861548433	1.4245631755397485	-1.0289947132250332	-0.2807914454338553	-0.06095361194873411	-0.6704661336539517	1.2517329389991443	-0.14031725762489083	0.3234141300448464	0.1580417537183274	0.998078002744013	0.6333451240702741	1.2131117028278446	-0.7726258593852074	0.7033308307163507	-0.30025698821764635	-0.041555356761094564	1.3199810022218998	0.08727652150481877	1.1215221282180659	-0.07082612620906203	0.5876100724848343	-0.33996990877943334	-1.161173200736707	-0.37107200554807074	-0.08684801326719038	0.395095126536303	0.4435622144947708	0.8742438446900236	-0.20744807384357	0.30365254100613837	-0.028870307054695676	1.0637815556430301	0.5928009509319667	1.0952990817056438	-0.7009360100376704	1.0041517779861073	2.171160295045384	2.0783172339562563	1.5104427644926344	1.7500931252982266	2.7394858740163794	2.890665693135081	0.6711316922914615	0.431172058398519	0.8282784711664286	2.441651921979055	0.9481500032998038	0.3769776341350888	0.6355536472802598	2.185376330599633	1.1694349377123237	2.384877628173519	1.2342223851246759	0.3694628066603969	0.8349478982607419	1.6961289331491844	0.6652910994385418	1.7667511729814418	1.4594354975961794	1.1172441083559785
S071	-0.338861588246944	-0.20868114283914907	1.338504365179789	1.2014484135342502	1.0982315835247207	1.3559639426335122	0.24048351340857205	1.1356249365554962	-0.10741861895392268	0.7335903029064778	1.4271469507186465	0.14219461647166232	2.246012537573795	1.5909497858885118	1.781371914312504	0.5147610697836605	-0.42747335921606855	0.12481432619649313	1.125019768092526	0.4604837640726752	1.2607783254634946	0.8040501246792535	0.2118831882154863	1.431058422024131	0.9554176468830322	1.1565188293107016	0.7078940571277645	0.5704426576784514	1.04645005502839	0.6512475504285773	-0.26272703264624864	0.44247984291023235	0.5515796779421192	0.18749190058821685	0.9055749991474701	0.6637077524153151	0.03323076846724882	1.5753200506466174	0.23919213477810713	0.7427961599104346	0.45319229013653584	-0.04668473615630475	0.9887494350989714	0.7385816495053767	1.1286364929831234	2.073861763489889	0.6014539088833196	0.38179911313309445	0.03335756609827434	0.6208474067766585	1.6070531128809546	1.3426564777796606	1.4029140380014165	1.0320255254651904	0.268734345022675	1.065698800833179	0.7223287637782208	1.2141944440411003	0.305161456874507	0.1369116701958325	0.6734848611099802	1.6543023254582436	1.886075402851295	0.23791460718387447	1.3336253003202472	1.1972910274180113	-0.5894294236160464	0.4200061862568955	1.5590957679172335	1.6115976754939714	0.09844932944969798	0.7777745278749169	0.4503395892696082	1.2200357446299155	0.06401957862298568	1.0445501413339409	0.5223778452199209	0.0974671317275605	-0.25389217153175936	1.9376997719724607	0.8386328875239136	1.0337652105328772	-1.231741275200632	0.08233314996179741	1.102883371455103	0.14822334032755713	0.0918269796279787	0.7728290013657799	-0.002130780315753533	0.10110192319503641	-0.023079520517756524	0.8961263480427953	0.1228013860618481	1.5929928243369833	-0.5069248910414212	1.0135571050106762	1.104822293582935	-0.3899467731551383	1.0281435355857007	1.6410358421418403	2.325298148986227	1.296195853686086	0.25688522080769843	0.9511713308411653	-0.5650526767981956	0.031114451425375778	-0.08234521672445255	-0.468136938334026	1.1132862164570156	1.2447636245659504	0.07495290907828672	0.41983663110905556	-0.6398642877828211	-0.7631137244531474	2.088481387551307	1.053555144110961	-0.7943809432358839	0.6825838432574856	0.05338436037945171	0.3382980378906665
S072	2.085357335792411	0.4182422059724079	1.413487673458849	1.129236919165306	1.228665303531239	0.9206756033924395	0.001816431151507203	2.131580581884427	0.16908808217816573	0.3074605053210061	1.528978049781033	1.1478614157156866	0.3671319422868826	0.47792367465760477	0.8770035831725077	0.6550958318669802	1.521182635082126	0.07258628123682243	1.2946181191625084	2.2283894301472165	1.1650513298933274	0.293326849322578	0.42553079042210595	1.0388931566997388	-3.441513123413099	-0.721860445704464	-1.6767535713828703	-1.7451452697302785	-1.6047080399924414	-0.785466094184115	-1.3670507904914468	-1.353378607266071	-1.3972454142499187	-1.1739737150371305	-1.406176471754	-1.7265928989361043	-2.008358795449597	-0.39777741269161626	-0.7627962273850335	-1.181613989016514	-1.6805445945269737	0.22295943794038475	-1.4752020448493093	-0.6155134228388516	-2.1129817175690815	-0.28840179142598743	-0.5945779940604087	-1.8543657222875463	-0.3679990280416904	-0.6252638051654305	-0.01039787239144463	0.9637230438964987	-0.2822710739885017	0.24235864037854432	-0.8213265031143424	0.2135507449539956	-1.260765126469494	0.4278102699708966	2.0806968462903503	0.3741619022419087	0.026715328167253194	1.3320066744831047	-0.1310963472468315	1.4520231356939957	0.4948170593018502	0.19759895534107996	1.4515845316726346	-0.1855214135251706	0.7817678837486495	-0.1063832530511305	-0.2656746043884255	1.7200050570117167	-0.4207514734882227	-2.2410712332318417	-1.0578222307747729	-1.5618976379764709	-1.6240414291969167	0.09463509206521514	-0.6319300047689442	-1.4884254517317514	-1.725878449180784	-0.47147995679760685	-1.3130179379923914	-0.5371277391463051	-0.06895841513804257	-0.7841775828215667	-1.245082995079354	-1.8883729346776423	-0.6422294807336817	-0.2504118556573848	-3.0971492417839457	-0.9142767673443218	-0.6140956639813981	-2.9848521069441096	-0.6699856972994759	-1.9266427229173617	-1.1285568540992361	0.13660900881254717	0.11953768838590456	-2.0356521841748765	-0.3389012802077225	-1.0606183858412939	1.5698261968116591	1.0590586958764283	-0.28054523501714734	-1.7553209369815757	-0.14161055115630142	0.2824737677783053	-1.1401791772165124	-0.5539647227041089	-0.6194864296086293	-0.5495691649528734	-0.7311618295914182	0.16775732844865604	0.15539161223006065	-0.09475604636736695	-0.31379325462197655	-0.4386484292897985	-0.8053111370064814	-2.16286682538823
S073	-1.117278314480643	0.36977477289495086	-2.090214002677913	0.6932632097113908	-2.237898895524537	-0.6507141433342181	-1.4842848083323004	0.038239546312208605	-1.2371339859693138	-1.524361322953858	-0.8899270304268221	-0.946714007718632	-2.1659311505359327	-0.25429412968756315	-2.532007437783273	0.3231628050819937	-0.8819589446302825	0.14449837874383975	-1.0983535928046737	-1.2523926981555	-0.09650853155632066	-1.0852188507659355	-1.8559919095079547	-0.6875685452456183	-1.4846462465941925	-2.3723407816595934	-1.8056661354745962	-2.577060316716663	-1.3988307791296157	-0.7397476902201506	-2.072689600908744	-1.8625639824833333	-1.3009766718390627	-2.976309504688092	-1.452188889159842	-1.9305468858375026	-1.5284915001644623	-3.7376649154230543	-2.4122886928904244	-1.8194043193256586	-0.9454023492265687	-2.6141757116329174	-2.6267256292083205	-1.8108479427298239	-1.971148418798806	-1.3663839311940091	-2.175169762097201	-1.5104928545395588	-0.3611848257299073	-0.525725413802241	1.41216260790119	0.2985779583797513	1.3947342043006348	0.7414940625051519	0.47379481072532736	-0.8925520953319162	0.826009206115599	-0.7376725536251024	0.49617983433861734	-0.09127115238309425	0.7923831680844162	0.5417665035588871	-1.0797298567323752	0.5266036646251087	-0.5781601966805702	0.2643735117777831	-0.0185661134892727	-0.4077496952909101	-0.3323542219930328	0.22736579030062945	0.4596092079173698	0.5945797931745052	1.3351630555815688	2.217917008579901	-0.11746849063248233	0.12292821816919974	0.693503056641947	0.47431633781175614	-0.3040334518570642	0.9866235195147164	0.006643610569107006	1.1108340867226776	-0.1666234969208804	1.757687701033621	0.8017382455483503	-0.30406593174813357	0.3054588995691072	1.3920240387917338	0.7793896727761566	1.9069097197252014	1.4057859395781038	0.4120347260225211	1.9869123267563902	0.15848507292900915	0.44055561245084934	1.403593950477683	-0.07482037700946487	-1.507380713637481	0.02386595218086207	-0.045323989314162705	-0.6225463947623122	-1.7060555666044779	-0.7735276985069385	-1.1421252150874588	-1.8694679135413699	-1.9823931693279957	-0.25365624299702993	-0.6710083252033946	-1.4346946296683782	-1.6239364200319466	-0.33246174880075974	-1.4660967947274561	-0.5309747906302762	-0.04308357295762999	-0.8725762582754724	-0.7336845852179109	-0.6393123405850034	-0.43300887728660875	-0.22245246846487754	-2.6041067246599
S074	0.7203556787534491	1.8116855855954221	2.9251629643531114	2.592146063676978	1.8234927482425334	1.6894363810067188	1.5685830462666266	1.3119750467108566	2.106070469586411	1.6957032864707124	1.516652041759719	2.0380495550515256	0.20730997814890362	3.3871955072204982	2.3261184373388795	0.7070007062864241	1.9140485723387823	0.9187432442568757	1.3905966909132386	1.1059238245968537	2.6955000312008055	0.2854245896152463	1.5384966408621532	0.5027609923042418	-2.905600709271709	-2.0426385642496996	-1.3657220427300831	-2.5576837973205704	-2.4829958178037392	-0.9653961069030663	-2.76961861427639	-2.9447517504869305	-3.3806105893884904	-2.7698556564637054	-2.186876911040761	-2.464017319957388	-0.35423850772139054	-2.7498204245318463	-2.85059304786044	-2.1927912467519413	-1.1635502617753364	-2.4552572923828504	-1.966590144149815	-1.9436570316046664	-2.439692905650255	-2.1341458457488387	-3.0369922414207915	-4.119963523448989	0.36870269818192625	1.3766341530199215	1.9628174138182404	3.3631666445530213	0.9848123646698814	1.1371231295377378	2.439638209712228	0.8060182689709998	0.8907372386509378	2.4538371477403222	1.889875659587307	1.814372999254303	1.2749071881736882	0.29862445762914025	1.2618319734409436	1.1424783954781548	-0.18169774770778035	1.0790441260212356	1.1078632912161757	1.6589481010417206	0.9956107523024509	1.8166670383535244	0.8625581580188769	2.3926125122908055	-0.4231227362467882	-1.879753416781631	-2.0702015204023754	-1.0524669817918013	-1.7410724808938565	-1.4902037819620744	-0.9130694508425435	-2.3585316544310846	-2.003011098920497	-1.4892788531041916	-0.7326404858338862	-1.6085565843939098	-2.47358227886015	-1.6378561375800067	-1.6213665213494843	-2.74437515738055	-1.1266489433513602	-3.3341704597309407	-1.0027767036731454	-2.1541800004727034	-3.082113997088534	-0.8132145955395425	-1.8246930968029427	-2.37955077554289	1.3305208221371676	0.6987025700371557	0.4136877557625197	0.0050538347519421545	1.0001354190790088	-0.6949382668610395	-0.3484181650862077	0.8319937009279406	0.07414499979239508	1.3621386775651376	-0.2502854419866093	0.8196283230325216	1.2124308594969722	-0.2665711227422425	-0.12737450272574102	2.034235234036683	-0.6386068451140665	1.6673197973097869	1.535216134000017	1.1668999548285723	0.7630641611104835	0.02751871891804525	1.0515554770861575	0.20767277833790157
S075	-1.3367906670553678	-1.5745973844889067	-2.445806904064674	-0.16864343819442063	-0.0696766361269987	-1.7717769720763323	-0.9028884163606719	-1.4394763129437962	-1.1256784036658698	-0.09472619873055876	-1.5353434610446217	0.1133030168409086	-1.5509868527576656	-1.3952741174880126	0.1910229800268699	-1.100257212155497	-2.9459842769792086	-1.1405886700898205	-2.345913553865781	-2.650513285103775	-2.0745452608497237	-1.0595666653817521	-2.211125091942961	-2.4414377770795763	1.7999089335356082	2.8574361763202814	2.111179518210398	1.3191851102645105	1.9301141668338135	3.1826678652256923	1.3669663456831285	2.205640683665962	2.231038815836259	2.8743055918191707	1.6443710291312517	3.0958290063038802	1.7934044457575953	2.730553961859946	3.0062077666706943	3.5376660044134396	3.5796600193314605	1.3895223056409907	3.3249901465006744	0.9550628777455925	1.7502824264113976	2.3878132917109895	1.1173063311943596	2.225225760866258	0.9581965902007581	-1.6012230535294862	0.031582836300682926	-0.2764357615558872	-0.15289323316910997	-1.097611870289734	-0.8327310106407181	-0.6268552304833861	-0.77249711304931	0.24577767333400824	0.8932423940192529	-1.368520618552245	-1.918797724816562	-1.7019194637621657	0.2299000790391652	-0.5565025741477541	-0.8561456202987268	-2.109131649345554	-1.1676519126033085	-1.1940193344988383	0.42595903982338723	-0.904470754213729	-0.04962525423536812	-1.2833205409808996	1.3663928345071528	1.0225853090295236	0.6574882931572963	2.17581219856152	1.0045214999011955	1.867425119578146	1.752909717719948	1.3148469514861005	1.3196912900794473	0.35478889327562313	1.0514789287256656	1.1923094735857989	2.237424907274569	2.1174463356172732	2.150392220124722	1.0819175713789062	1.361674247077005	1.6129519042215203	2.410028044028297	1.1666010424020414	2.135345106034773	3.2302927279435503	0.1500412694345552	2.007041783127873	0.261600716954708	1.44457484118524	2.42156381447512	2.0257105518235283	1.6905835516594698	0.5254104478331901	0.1919193934786953	1.1109497310104273	-0.38775059667700384	0.491142899344968	0.9159613621975177	-0.3686916432643679	1.5086451040981324	1.09069335429341	1.2627335583212242	0.24550123594692652	0.49026724085346374	0.846576803489134	0.685539199993588	0.33720947460749773	0.777655841216481	0.8423557671658415	0.6007299785369133	0.7135756154514525
S076	-0.9653372475441608	-0.3378395032006931	-1.2186306490508634	-1.7066771300516856	-2.399682113024974	-1.2824900121525578	0.013918731509401372	0.14014415510707712	-0.029678860584139155	-0.8017610155859907	-0.5580469148389796	0.35263473461649597	-1.3564699635728588	-0.3702675609580291	-2.1582451386418793	-0.11568989212231595	-1.0223624528093616	-1.586033169834033	-0.0432608632015572	-1.550515983547196	-1.3553533643080522	0.5679267154000478	-1.4983480892949277	-1.1863320432022242	1.070987418194608	1.3728123611218102	0.5384997372582607	1.6735615145988492	0.7168210158261055	1.3481228945833499	1.4865920922776863	2.158060916404961	0.5967163134696664	1.1294406704983264	0.6017696721562092	0.5346821488702466	0.007005994983202979	1.4766914931502337	-0.07960582089338664	-0.29547855161628	0.5471509915280903	0.23850854382680936	2.5062966871163406	0.8864851666678172	2.442194850458631	-0.44960265083718187	0.10500562530659041	1.76234154211489	0.19014992888770327	-0.5858093878891376	0.18072583026788397	0.3578347252844721	-1.544153754907348	0.6359996261310181	1.0771964427437735	0.9080819988137199	-0.2667727776775279	0.3816685991944812	-0.18029101465770614	-0.6505331933189853	-1.075714316332491	-0.9503002179537132	-0.2352108254873263	-0.4091046202508256	0.4562494945140793	-0.9108752730159126	0.26162553664324867	-1.7277424259822762	-0.7419036571769848	-0.6339251043284375	0.2362287516908143	0.9908343843518335	0.31312560434925674	-1.0013759641815234	-0.3645763858414385	-1.0260786417444778	-0.16402983011752162	-0.38625650248507315	-0.675969752520176	-0.13475349692880945	0.45089488446487	-0.018145083086576697	-0.04810468662404527	0.4871224305454479	-1.4364776729513151	-0.060208130147993505	-0.8944696948517808	-0.5144429600952001	-0.09599464561714977	0.7286556582331111	-2.7702313336134203	0.16650845566424766	-1.2477937730678588	-0.18741386800370707	0.4529161167816257	-1.4709422166827628	0.9189732244340693	1.400750496830289	0.7442127693545212	0.07257427598950572	1.1518596959275877	1.4386557547532965	0.6679380926754744	0.17122306746870986	-0.538403492653004	1.1128860342392197	-1.0396322292289275	2.293420143108664	0.7567895932825373	-0.6582218138976889	1.0630090956292038	-0.33700011518083184	0.5383207540545222	0.8572320731183446	1.5049402258092033	1.2649569539817236	0.43014499304626264	-0.023216175210614254	0.6847344269918989	-1.0851859841975626
S077	0.38844639290347327	1.5628907499750404	-0.5336793697412768	1.9353665345042739	0.7403668968897464	0.6815569042708828	0.2177048545883019	0.8186889259800453	2.1113648061098305	1.1053318972711503	0.18901783461976296	0.6571658579942316	1.3626124413776535	1.003310045863984	0.7292015148790403	1.4187083186301757	1.2239193362027199	0.07287717629931267	-0.5968830937166162	1.3354405506985505	2.421005285176384	0.27846487270113596	0.8222406143091975	2.0183150941182033	1.112258078357876	1.077157434459481	2.0430176925293377	1.0574263131662067	1.055423126349626	2.2370019145834057	1.3910290344436345	1.7290570995161476	2.5355597107207206	2.614874547226345	2.305021036364304	3.2141387877594703	1.327519256728929	0.8806920116256957	3.0736672057602927	1.9222099385623737	1.4070785057808086	-0.08636306589881482	2.4680063521536555	2.2982568342986553	1.0405396828206936	1.9367024541956064	2.3610598223838264	0.5511035627245606	-3.913611236159759	-3.7404979401582104	-3.299453480577447	-5.672195238606166	-2.164134464848278	-3.030559916308071	-1.5033113435903809	-3.7658558270753963	-3.1123339163034602	-4.24661301623437	-4.891588977834877	-3.5758478756113377	-1.9883469400229523	-3.9955707554387017	-1.1800515536328104	-2.35379100929293	-3.311141696210318	-3.4016406670267454	-2.0315179717374265	-3.446887980276811	-3.219584476211045	-1.6195294114226773	-2.158147218392318	-2.9039099644224513	0.48152490563691785	1.2506234666838805	0.4982478340447961	-0.15731750077657713	0.9204408449599025	0.04338556020662909	1.0832823468092319	1.06595950136191	0.14879129618410947	1.1791492798342733	0.5512324050288799	1.4082384463365227	0.6084931815276335	0.6062921224855287	1.1843000311920924	2.206313524415012	1.094443901738026	2.1347650733519132	0.6115407633881635	1.5331264232561184	1.5978641202398278	1.1387407646376992	1.7559784904505902	1.126460467332213	-0.7069313954590059	-0.7183687554020308	-0.4304649942195158	0.43739259791506235	0.22512584623874296	0.9060426422128826	1.2194226754699242	-0.1994025966865868	-0.03800801855721331	-0.5792126177638304	-0.19094442006781193	0.15268818072718462	0.35852995789866915	-0.5950678711521201	-0.7532142216020429	-0.6178367002277771	-0.0030732326348788808	0.20411757296161667	0.6337492058366909	-0.46265309964417356	0.2971036130294179	-0.8182449164953305	0.4332394546159005	-0.9124213246005791
S078	1.4407617861761557	0.10124332396656452	1.0488348330772783	0.6495617903965554	-0.39559797046966166	-1.5659946805111105	-0.6784874354522864	0.34443807894992434	0.3844584811940554	-0.35274102754351805	-0.6371053536857677	-1.2311895782152444	-1.295212328075875	-0.0486414822453354	-1.2107325248918577	0.03696982204233483	-0.5893300837033727	-0.2918770203163337	1.7493487690558134	0.08766463752947268	-0.22578772090134655	-0.08961405253188989	-1.1298711563000432	1.1203740245460212	0.22903177628114046	-0.19498326347743572	-1.0983522746050034	-0.6934993068350039	-0.7027896402888182	-0.928756565532699	-0.654342798953105	-1.88590508122187	-0.5180161564114345	1.0729419035506467	-0.09805734908108038	-0.9311766688512582	0.007434179885524028	0.1514220100293706	0.02394809401441722	0.49674946610469006	-1.171361482459923	0.4389569484190562	-1.3184229652744281	-0.24251824022196347	-1.6505806734668598	-0.17044585365911197	-1.7518965947596408	-0.22303500520949326	-0.06588747401502296	1.2702594544058752	0.7780207548052984	0.9144240099513398	-1.1879240407574558	0.5115199944829845	0.7322773119678194	0.32722468040724373	0.4426953258816078	-1.1412061405193907	-0.05290848723612225	-2.1301767247942056	0.6047199078948549	-0.4160354217278187	0.13625550959994104	0.785892835981157	0.7767286988937131	-0.09997904025110876	0.5776635128116345	-0.6766359184687627	0.7353353716959516	0.5582619446765947	-0.05336888095804819	-0.893304967091591	1.3496805606571365	0.8635305494708004	-0.10865017655685838	0.7042959780250336	0.12754687713852986	-0.8259200505992469	1.6467493416024923	0.4036142493735008	0.49294887695866174	0.3113215774317095	-0.4701186038448736	0.2420106393398357	1.7153565030334343	0.022185315958057727	0.8094181557491031	0.2463193396096653	0.913749852395375	1.1313880106920893	2.1866808754098983	0.5283738210340442	1.3932565496694482	-0.3245641105139122	0.9416799778598361	1.3246103731889272	-0.7945444269612645	-0.5265777348540528	1.338166624656451	0.4652635167201185	0.07831105393569279	0.06239543534769752	-0.588636796487708	0.18530525672880518	0.14804716018552944	-0.20765070130322077	0.9957596910157562	-0.6100227541850654	1.0347872573496406	1.5015245824169754	0.25052893844323376	-0.260005296814259	0.48082607938868627	-0.5959012817020397	-0.3130985430404721	0.9078227772145633	-0.7272882858400938	0.13651386620115682	1.112468594011744	0.42005847599222373
S079	2.68064571902165	1.576796478265586	2.185823118794698	1.46513040299586	2.319417567308807	0.9280144088795288	2.2163691458575467	3.203408454357157	2.3594176030930325	1.5303210739502393	2.7622085671947705	3.562826980717169	2.587139810187505	2.0801797939486875	1.3606179222969628	2.3509038070538804	3.540205979533141	0.3888884494789826	2.784224121109441	2.1206260828884362	3.2130779261158433	1.9000445707477418	0.2714145834444244	3.595542496307643	3.409396467564407	-0.295037929635535	1.2083321148052115	1.2859082881762556	1.0861715118620918	1.6067794095357766	0.005036653308758021	2.4088358470292155	1.5255862292023827	1.675323826903786	1.0627991503658218	1.7871847481359278	0.032551233158196746	1.854291891970915	0.6393750714353966	1.4087003639438458	1.6994581584024449	1.6994026786275533	1.8236817677570403	1.4730230681166339	0.05809794047472705	1.9849773976633882	1.380997441248992	1.355760852898526	-0.9255341069259622	-0.45876752527682124	-0.5405045881459762	-1.1381382611899347	-0.5376729428018375	-0.011589801121680399	-1.2582241419106053	-1.3287158622131507	-1.308605933126795	-0.4814522665673342	0.12376003033528749	0.5035882248015111	-0.2445786786768439	-0.8848146794614882	-1.4783293025888693	-0.08186750723640812	-0.35838361258351514	-0.7338294790202876	0.7736273220507051	-1.1447771930693813	-0.025525550242278428	-1.4017876038062902	-0.220832917360118	-0.0895853806744551	-0.06668993212372865	-1.8949987628179443	-2.1419401628667822	-2.4350162715375565	-2.580229358822492	-1.9182977807397945	-2.2942828637310466	-1.7841129434647554	-2.6049002456174244	-0.4237844704811309	-1.109601565672496	-0.5221485768361642	-1.4218903878682358	-1.3320486107651155	-2.886250428217716	-1.9107274891936072	-2.865664239415059	-2.5143247517304714	-1.310074356437933	-1.6563889520830766	-1.2502192259826956	-1.179051878800694	-1.5905337697490818	1.051526887892929	-1.6016514641076631	2.285110123427696	1.347670088765033	0.0016953954289582185	-0.5062831799951777	0.4813324315686631	1.8210013967135763	0.7489076390182495	-0.5352369947041682	-0.10733523513398782	0.26724634663892144	-2.017573818083237	-0.47689721590345563	-0.00835037523702889	0.40919426158426486	-0.47599814419824243	-0.5035136113356238	0.25557187789763913	-0.49855876892639894	-0.4207902216242855	0.4786010902964135	0.3559687553755325	-1.0483255603590207	-0.5368294209871398
S080	-0.7389871228351323	0.8287753699796316	0.086462965375737	0.15685015602207175	0.2986182778201082	-0.24817366180037503	0.3377862781681883	0.4346592083202614	0.8297996418930966	0.28853640066283354	0.4434729192847006	1.2510668096690645	-0.5330982551662944	0.24463431003473246	0.571169203903807	1.0168683144684658	0.1376534781725853	0.26799830146403203	-0.08743835319023707	1.180724014543947	-0.0684184479677098	0.7367532723926411	0.10701911320674513	0.21319496350994588	-1.5515084454690578	-0.4697305278191047	-0.05246621016985037	-0.09342606091458283	-0.3011986245521351	0.4549761210281783	-1.2844253752314838	-1.4824831907951181	-1.9789931327069166	-0.2424491089284623	-0.021206387413364447	-0.2865299072131694	-0.3319712541426111	-2.0785669670035696	-0.06352954553277707	-0.694151167896236	0.9468964343752554	-1.4406673353183455	-1.326739808474727	-0.16377377966213202	-1.9307041605337902	-1.0783331073025095	0.67840867080944	-0.09286861981210065	0.1972224349584515	3.06285775538783	2.1321031238270063	-0.1454837538439373	1.3130186608984862	1.624301855626028	1.975970098550623	0.7692821621494145	0.5235423654369356	0.555344085874223	0.6396185758618997	0.9600132874395619	0.7613298679302809	1.3742523560863156	0.39599386188198393	0.9423397082451717	1.3089861895968429	1.7431907004581102	1.8427946255586671	2.118252214063019	1.1326951846698918	0.9594165288259316	1.0759835158159474	0.2959724178030049	-0.24869343091417004	0.9102375840389056	0.03678208066051655	-0.00029869686258378325	0.9402763162240184	1.0056730832181575	-0.443402690299426	-0.0761218628135644	0.7083054542550861	0.24909366169942698	-1.0034665894299446	-0.11540460593632787	-0.05286432468633334	-0.36726793762765986	0.5635986017875381	-0.8387061872628466	0.20870077462477618	1.74473844662373	0.6603496884323534	-0.8376014462244292	-0.656748870613654	-0.05167849809293709	0.235949457611624	0.5094344281385254	-0.23045832902442387	-0.7640628059232774	-0.25676946552185576	-0.9547483667703905	-1.4222047204935242	-0.6776427406475213	-2.172385688087607	-1.3506080008135752	-0.5544409243289726	-0.3366542822380488	-0.469640632362877	0.31314233047348183	-0.18168829092148453	0.3183436038243913	-1.1931889544265095	-1.4852105584019373	-1.712124243897537	-0.3546836766542173	-1.5720063918040807	0.4014449955328251	-0.9925072110731763	-1.5115620355777748	-0.38036090645089204	0.04055906214935345
S081	-1.6116406625355042	-0.5878244270980816	-0.6569109579895407	-1.8200744783898002	-1.225546406275137	-0.9962759189027606	-1.8561577610202002	-1.6069251044950335	0.5424565542471028	-1.4571800291934678	-1.318536477358979	-1.7498029792271517	0.34871144432451096	0.10137244060489126	-0.3786207955268127	-0.5658015275585224	-1.026693089827161	-0.8607214187004374	-1.172517882335462	-0.10658015251771291	-0.07943858979660634	0.09690864862671322	1.005921937121355	-0.06745918424370456	-1.5859263705004762	0.16526824870207468	-0.93327613615347	-1.0453260910527657	-1.6934079485199398	-0.2215868769441547	-2.59886133315669	-0.2566621022765456	-0.4959867163232603	-1.2290117027414176	0.3577229941100466	-1.0410741935522612	-0.9829923463436275	-1.9433769014914875	-1.636021710018135	-0.7696838328910032	-0.777634499565589	-1.0014193696843203	-1.0239060253355812	-0.23628887606527793	-1.447289490747511	-0.9593702659319414	-2.4899759294516794	-0.581259925225848	-1.1634691645172808	-1.8131188272446526	-1.3158138773794121	-0.44081607326995953	0.7972538953241531	0.224572019071137	-0.3993179109995093	-1.0969329003091732	0.37118973532121036	-0.057227021419847146	-0.6340614107635407	0.25523736865440816	-1.377478828125871	-0.3247173428555603	0.13297877339440645	-1.7929972411708048	-0.7047036998259971	-0.6627735641357657	-1.7754855288592082	-0.43539123765112436	-0.6823967464587205	-1.0993401289567686	-1.0993266885000943	0.5202196253469323	-0.226031841789542	-0.4695475133904615	-0.8795065323286921	-1.8026417545273636	-0.2381467915359275	0.22100416907045817	-0.19650213527587967	0.9945862065197654	0.7723816708635666	0.06087861917520587	-1.9873756718744122	-0.7995385573268128	0.20975874185899845	-0.9793806667605902	0.1491679697030901	-0.26925912241914707	-0.3042551323339608	-0.8767651497711504	-0.30616436553792037	0.9039297405676091	0.06352328423808218	-0.1201620652185047	0.42063390974659576	-0.9081809857850391	-1.5343028908963934	-0.1890341241353492	1.1569516497284902	-0.3198633340967691	-0.04779709861818071	0.3447844668139967	-0.21208030622664076	0.700851239853999	-0.15773198299312433	-0.2973831217012287	-0.31330589528119723	-0.41969824950641044	-2.150668588253117	-1.1446228688547422	-1.1646037428584612	-0.30337615565721077	-0.5966769172695088	0.4855924668397877	-0.15635318150282884	0.04514145948548583	-0.36153885775597633	1.3082501146820145	-0.10897357341287854	0.5187127907819457
S082	0.1300592298294152	0.4253948764201996	-1.611171391509758	-0.37377753370740274	-1.58756582352897	0.8842382247793895	-0.7719711986955884	1.0409331105093194	0.47165497507112086	-0.819352469820571	-1.705376700080238	-1.2767773722316598	0.4534134573719417	-0.6346055890159374	-1.562591582102149	-0.5573328737598232	0.9766012936327851	0.9098259854981242	-0.7560324270621952	-0.13107134494881026	0.11263308679170936	-1.5608956280118513	-0.8039014935226407	-0.7018942080359135	0.6311910634421638	2.139336660346154	1.3395156406030742	1.2203079152827616	-0.5922865418005478	-0.3511799175133514	0.7594029647542941	0.3232706682995745	0.42171670210879886	0.5523454714667773	0.16373812026198098	1.5430564957778592	1.179982915733273	2.111012478634313	0.03956956782230414	2.54150507660128	0.4050513356608765	1.0024419848257633	2.408219669585115	1.7179246878266867	-0.3871651022499816	1.5338505930443773	2.0759896198913594	1.2010075563492915	-1.4457584846917912	0.3293840367702421	-0.7656715444800565	-0.16607831495139125	-1.0285722669956332	0.19771291480431408	-1.1174551126208052	0.11059427810340605	0.30491998508048024	-1.397517784991655	-0.05211036324474416	-1.1491529131735905	0.2778872746017248	-0.02375381202284066	-1.067743808412024	-0.5074502025819649	-0.39002671024363755	-1.6509458887563446	0.8774473387221905	-0.6681362414306071	0.046879022995889974	0.4320360912791198	-1.4508616413426216	-1.5964042992938707	0.45953602558256335	0.7336968220168809	0.12186389007979606	0.9167636952360849	-1.098568562836811	-0.8973935174121854	0.26339775590223613	0.11069401004492047	0.19608926647547895	0.8066106471017651	1.004560530720223	0.942040999781012	0.6562635761396887	0.6140491729685641	-0.8423887822823786	-0.29006591565532075	0.5428108695145271	0.9618030551832928	-0.2477365380711885	0.5111918469285055	1.6599167523292466	2.044049483703879	0.9364472862159134	-0.4287827319871707	0.026137764679503517	0.3336274805742834	0.96639461768433	2.02884862965734	-0.7121590295229235	0.031387659437258866	-0.6317427277580108	0.7832292991326238	-0.48723011746896905	1.284723400049011	-0.5336838228125022	1.9203395062868014	0.4618281180101096	-0.04347226287592672	-0.042061722942080264	-1.3039736461513542	-1.2976651513471817	-0.13195754417739414	0.5172940823054497	-0.23445635082565275	0.40330380487692846	0.11653385268704504	-0.9812974388361336	-1.3706798652159968
S083	-0.7679043682715293	-1.4993871765540165	-2.2090557148363725	-0.8317806671145039	-1.604752004817553	-2.073463069718819	-2.0714635573014752	-1.2695287799634618	0.06969950162336924	-1.2307829010207443	-0.2326460503751704	-2.8880513607837486	-1.762074964642025	-2.0975379874448423	-1.3107902666590059	-0.4749902708295637	-1.5283195715100109	-2.0867394568346564	-0.33295458422968394	-1.7008521234805651	-0.87309963267832	-1.6231439293676149	-0.6774449000959728	-1.3979838408466798	0.23647185831972772	-1.0640372866983232	-0.32039171729781674	-0.6879798889653774	-1.3642568858352881	-0.9387406433987907	-0.6499772350960102	-0.9664811675606373	-0.9084134681830195	-0.8514378857615437	0.8142469179906604	0.8695316838278659	1.6378046956568362	-0.9074989572176108	-0.009907768759254643	-0.1979527089639579	-0.7418815956515046	-0.9291954738201968	0.4372097615880154	0.47863505334701195	1.3451811555413393	-1.192281640920484	0.8434888751811394	-0.70934593392293	1.35414535708053	2.8971056827523762	2.140309686906506	3.105131943084054	3.061345987650477	2.2712246195296495	3.5444670590584066	2.5944414325648886	1.6637046028236946	2.982764765766243	1.969124613242582	2.766807387506772	1.8358270851876974	3.0579387816412313	2.295187525841408	2.254810990737194	1.9403472306660434	3.862401138621332	2.277947492153481	3.590851645561158	-0.03959369223124476	2.3989218979277647	2.1613202971688708	2.6374965752494393	-0.8208423064777102	-2.1017624263430537	-0.2567417353918431	-1.2745379631407485	-0.8305178335056627	-1.2239694355119703	-1.2257957215817958	-0.046239569224347354	-2.113663524990247	-1.2079509566600124	-0.40111822603869696	-0.24742018823141376	-1.2892913056516544	-2.024905520877995	-1.9092747326755208	-1.0683533633027502	-1.1767786219296663	-1.3931387008790082	-0.4563646641264806	-1.4099260982556412	-2.165442970892136	-1.9864740686053843	-2.0353956468887464	-1.780293356381205	-0.004790755810829328	-1.070492159349678	1.7463343875198811	0.4545429434655948	1.042032358305231	0.9884788733400712	1.4408520730818355	1.5853480355430556	1.4703068544744324	1.0371119654539207	0.9681944553223321	0.23771104012899547	0.04772347054490794	1.1250576836500485	1.2491112404736628	-1.1076828822528626	0.6021347692545589	1.008102081588593	0.30492733882911377	-0.4555802278185461	1.8607615243417022	-0.3594717591070158	2.8258334419602535	-0.22549226788575516
S084	-0.6415539073306005	-0.7808766296381704	0.49933539508645297	-1.3418196848916644	-2.0579452320040583	-2.2065739722579467	-1.7555338317913014	-0.9774287185463721	-1.8487401786243693	-0.06250613541688721	-1.1174256339433613	-2.0592953305002264	-1.648042766498135	-1.7883845276994577	-1.1350663602902908	-2.0979790604262423	-0.25210871616135844	-1.5627276451339642	-1.4675039117271713	-0.5391602033055988	-1.8764577517478838	-1.2787771243951496	0.1560908714950222	-0.9487655962976843	-0.5713761678188946	0.9742153129421117	0.21309107299896587	1.5632443611932403	-1.1866930752170597	1.1845099301027837	-0.5099587207385081	-0.32601079382417764	-1.3884057315260647	0.7421457284175546	-0.05909763311281019	1.2601459611583459	0.481080200985864	-0.5200930660979913	-0.569699082461421	-0.6373859985503724	-0.8008683435628764	0.6601489172253066	-0.6214114629866111	-0.22858776127744795	0.2623635012390533	0.03958497317668763	0.31662026240790636	0.8207639156173041	1.17735485417641	-0.40590634801347375	2.3263835660697705	1.289106148382152	0.7070681511183173	0.4555178048910921	0.6651859913966164	-0.2896457136006663	0.20160017698797544	0.16049053854347273	-0.003739446209156616	1.0733578598677227	0.16328820997441107	0.8040598174586346	1.279508198272068	1.0429875929465724	1.528125968090925	0.3089028436657763	0.8140377643277217	-0.08480801625690443	-0.3742487570086162	0.6666540802775465	0.6634344347688138	0.23824854425337516	1.1136640400976048	0.4052249041482592	0.44092430902929125	0.9170004456380649	0.1826217839281895	3.0141631964418236	1.3591295913986503	2.1859372893448	0.19848422754946038	1.2503648461697492	1.2855143329390915	1.87213820212748	0.9551405327601153	-0.5268353716680668	0.9552785575091037	0.7148509305048873	0.30012612010371975	-0.25423072824258963	1.962776901844494	1.3015831959055362	1.0958149082472166	0.48941214646796644	1.0304783974556384	2.374541530434014	-1.4190104659950642	-0.09885822158687496	-0.4385341167606618	-0.8840958885137264	-0.727914689505478	0.4067314333045575	-1.196222552410955	-1.1480016435889724	-0.11041472330301971	0.5979819012739251	-1.20122538173523	-1.1241651771755643	-1.4567833846737983	-1.4334890941943224	-2.0051184767401673	-1.7554426122408393	-1.7742252387930904	-0.3125474573623168	-0.5029280351627714	-1.0686746411729582	-2.25810124410281	-0.6400641269314931	-1.9145183379450594	-0.8300642825104378
S085	0.8654698453072761	0.2492952093106488	-0.16498054905903148	2.0294587267452924	0.5023251397594444	2.1488045733241883	0.08329569116497038	1.634373717775096	0.46615807624014227	0.9638369050223052	1.6037784042167689	0.9836391794718766	1.272473105554667	-0.6199322165888146	0.26185026852968285	2.2661626226340745	0.44710235996243375	0.8853151950438283	0.4999396777868381	0.13314907253371827	-0.5648356008262698	-0.2829819115434905	1.976467712187981	0.5671629812655824	0.8080095966469685	-0.46469845680274274	0.40780331011342197	-0.7701340714291842	0.17883549173627433	0.7639814452068376	0.13677019056515538	0.7687621844732027	1.5369141356705849	1.541737244019881	-1.3387573103711747	-0.12922334978572664	0.3163199669643646	1.2684431108774272	0.10744341507836569	1.805506369336618	0.9084400459915754	-0.2905997538925464	-0.2820423875138534	-0.20012717011015108	-0.9032552591121048	0.1971224017661798	1.537190923341351	0.7558692919782255	-0.2619818742407608	-1.2751257115560939	-1.8581412256562966	-1.745441378660412	-0.7912167393097204	-0.35501616583883305	0.16663523328228447	-0.4133577980899658	-1.219264868321594	-1.4137312595081022	-2.304331658672982	-0.9443231869402627	0.4723733975163542	-0.914842078117225	-0.2203143539334852	-0.3429673791035852	-0.16157866361370032	0.12001459447867746	0.2775777449094856	-0.7663470751501099	-2.3773986147814883	0.07614685325229198	-0.5304629303341928	-0.5571735816396944	2.5325415086295546	1.036780180808642	0.11523328565604496	0.2982385083418465	1.2671500943224565	1.552694003152619	1.5787245408598618	2.2534801574119507	1.2020778177519986	1.6750395011940982	0.7006242291191268	1.6325172175078313	1.286971435061582	2.1581562544268076	0.8696660768451574	0.12605676097913943	1.7730226951130885	-0.9606071169249719	1.0885048001725175	1.8440170132771976	0.03418473515465892	0.5919369803270695	3.267590754816829	0.7969085754617813	-1.0202367380445092	-2.426680941089219	-1.6873918329459177	-0.9407980123033924	-0.2857014859215643	-1.8285862184265012	-2.1790914662035643	-2.1867656951028236	-2.3562830212107615	-0.8966697906758401	-2.3863659529994523	-1.9044380370259095	-1.1763946291307315	-2.4240192826602955	-1.6173829530884758	-1.6869611436694607	-1.3460544536159595	-1.6410222943459125	-1.068203444731982	-0.676301931319185	-0.9184714741931815	-1.8374616682398761	-1.5081297504108213	-1.3599167960818623
S086	-0.3698810959883927	-0.1420865109218623	1.2799087081283522	-0.17655413561707223	0.08088434781318576	-0.3121410677366473	-0.4261383643674187	1.9004148041392304	0.4684541653353884	0.32396027786648596	0.10000611089336231	1.1511281205166053	0.6303428737483496	0.8150390584508647	0.6906584929867919	0.2953084693354405	0.19645503542179343	-0.8067558850460946	0.18774323086900557	2.3120121420485455	-0.4103834834740743	0.58466328988881	0.8497461524845858	1.5363859047660116	1.559658007311003	0.10285745180931904	-0.07020393592558849	0.2583939388556578	-0.13336602291317767	2.1631220266064872	0.36464335888259763	1.4047355519893432	0.8492440295796999	0.14175422340381022	1.4045909369645637	1.0504207899860325	0.8954219369528056	0.5791651683950347	0.8121618630847028	1.0429432400615775	1.9782989460287415	0.37060995397123286	0.23140483353366065	-0.3245164756005562	0.49682541753071163	0.877519147980464	2.0331210294973667	-0.28387635010420886	-1.303195640165756	-1.8845972513623441	-2.673038951435421	-1.9526673129878822	-0.5074183500325555	-1.502311983436871	-1.3723375669747357	-1.5966120736382297	-0.7031276797880925	-2.1784426050470564	-1.2467394278639923	-1.834763822845858	-0.7037849181170343	-2.2583061390139494	-0.0156099928110085	-1.0194038429519332	-0.4115504584551597	-0.9695760211335492	-2.5434902206889154	-1.224847391068945	-0.9878501688853704	-0.8488552999675818	-1.4582965073751035	-0.43057307660551425	0.18316717534933186	0.22627476762363036	-0.6444045501300228	-0.24813167172726996	-0.07057844830539484	0.9190671518505837	-1.454010633371505	0.17506680205033298	-0.7297567229999684	0.6252772523587193	-0.5943993395434989	-0.7599658956154084	-0.45478277223307934	-0.43444987781651667	0.49484323053327317	-0.41294894266263715	-0.49355948955977513	-0.9632465512379446	-0.014688091831428579	-0.6271866711139149	0.317440910351275	-0.5316863835613482	-0.3031305702740381	-0.29321172962051695	0.18463999834487244	-1.0687114401627928	-0.34484609006015843	0.08152209552292267	1.3239005953168035	0.12209694775957974	-1.0816291404902239	0.41990167847159743	1.107165230411164	-1.562183044110959	-0.7419334552903265	-1.651619021979462	-0.19165624470804724	0.12060378884672496	0.15035665860894287	-0.07452281109361175	-0.9192743034926593	1.0246549649351349	-0.3602719719685341	0.4991476149730396	0.8870462395600681	-0.10078464606837695	-1.4683351872679897	0.42530658327631354
S087	3.421180098732892	0.9771220737321269	0.5928761892844582	2.142696579928322	1.4649659394763161	2.8996612141417923	1.874828469751741	0.7595211189383232	1.1372507263456617	1.6329899042347402	1.6951099068456918	0.38726656756961364	-0.24480644199293078	0.011537397775057245	1.7882869082570036	1.1719682109828533	-0.17331437121039528	0.8538866209102813	-0.25505339527583826	1.0840159867034582	0.6022711330306074	0.8481861795923071	1.2270749175535984	1.440662793116303	-1.8774156573288112	-0.6455732349354961	-0.42626463996251723	-0.7919434041310788	1.6095617928188146	-2.5059593480107187	-1.110782444832222	-0.6441266299285349	0.14598935790815432	0.4143905952104401	-0.1723734204257803	0.2570058532462681	-0.4731487150753568	-1.5593136729132933	-0.20989038087495024	-1.0943356659082637	-2.041845184167844	-0.9024909598220276	-0.545756469717721	-0.23487384613146384	-0.2106878499683835	-0.12378851520368558	1.0429696041001046	0.006556087486122103	-1.7573300306960151	-1.3566981316061746	-0.5550499072046445	-1.7300765018727355	-2.3655548850277968	0.5137261702105806	-0.7625594070524984	-2.4202558174006947	-0.7584130527528848	-1.267417681215565	-1.479841560748744	-1.5513207854620221	-1.1476611617020736	-0.5505442008211758	-1.4536438203120723	-1.0920631307919688	-0.7629432353466858	-0.755801647102672	-1.913067534387995	-2.050863850788801	-1.5752022408042183	-2.1017222070584376	-2.6403958411788553	-1.0450893063921372	3.8029012467731356	0.8113864717154904	3.350821179660925	3.5567222459989742	2.9848641617806244	2.333842775255536	2.520913806328284	2.581348492546466	2.1936680009488088	2.518409996085938	2.2621600296000985	2.832481368916686	3.1406834541295856	1.9916555779688472	1.3077101854713864	3.603380936255785	2.4801179151506734	3.292687376335643	2.6125866349079216	2.0277147771451816	3.1450447230514547	2.307058753257868	2.4706900434728625	1.241016319872985	0.11485084679457791	0.47943090299102137	-0.26066944173142964	-1.2697288081134501	-0.5870659717170066	0.21002859003795205	-0.5301327798405274	-0.3575207257944881	-1.173497753558085	1.0006706874599998	0.3384252221941357	-1.0333597626944004	-0.2331416502864894	0.16538919342229208	0.32338446514496716	-0.9220114141203564	0.04751560475140215	0.09913368375651122	-1.0219643919825991	-0.6484219162956919	-0.5795227010680766	-0.692310783138506	-0.41847578295464394	0.2714091409180889
S088	-0.7069614954135185	0.2787363432273917	1.1662169057113927	-0.07303428666914646	-0.9063116971664684	-0.15303156076415192	-1.3364189862035092	-1.415275542364352	-1.4516014682072407	-0.5207182273001949	0.23619883373301043	1.0247028150456596	0.30481143586050363	-0.19645589796594343	-1.305267148001529	-0.6932872238169918	-0.31983836300072804	-0.8524082568268677	0.7356835504012031	-1.4105663861096303	-1.3259160385849773	-0.4505697992512908	0.8508345656516514	-2.2047997078536774	-2.100957385676752	-1.1520882238450454	-1.3816080766672632	-2.976363020517734	-1.9944871459117217	-2.9429620429138392	-2.2740711352685463	-1.0879756761249881	-2.2075588947590905	-2.590731056948031	-3.369248930318009	-1.9970836993277046	-2.3815564782243723	-1.6451317871088587	-1.7180396194075036	-1.690253386345145	-1.366746612055378	-2.423654113884055	-1.2116778219003541	-3.639669786689045	-1.3855485793189728	-3.168530461945322	-3.7214752407121723	-2.486249512179826	2.0104047920044588	1.3539374803781152	0.39758129390989716	-1.154978026486407	1.1859654461124778	1.2063262053781663	-0.12083430041107435	2.3043583406506927	1.8163403148204762	1.3280619990203273	2.213912262868548	0.7237115412804198	1.6019744672518068	1.1041916152872027	1.2484457571819607	3.265131993563034	1.786516891649397	0.02125882550742464	0.8468318242650006	1.8848619508304774	-0.06075945378421799	0.31117003496527673	0.38845712322209947	0.9121291590494633	-2.7714380165499257	-0.22667472758863594	-1.8014155465813477	-1.694280292973183	-1.5119415474552085	-0.9486153184191327	-3.4735246625453287	1.3467262032031142	-1.0046329491803838	0.20939467871869955	-2.8664273871547152	-1.3638038584274716	-1.9099101395742744	-0.7910977749708408	-0.8139792099302006	-1.7802193412533132	-1.3506655477733354	-1.5465195501094486	0.03773517851375918	-0.604005281836634	-0.30303397275145905	-1.4039350726971107	-0.45901690124136707	-0.24689373372893608	-0.6799508719742344	-1.7385481048532951	1.4648172706278404	-0.04574788203853329	-1.8104800879632978	0.15785864358126767	-0.5918847046029823	-0.0508480289433436	-0.38512209313129975	-0.9307478867701273	-0.5049791141036797	0.15587032324713251	0.44668593234802906	-0.6583995057769891	-0.16274696844182704	0.20439778304811268	1.13664134276236	0.26588375920167334	-0.7773645094329231	0.22544023341555314	1.0966533327558214	-1.0503831078704924	1.0931124167298623	-0.5996684800557555
S089	1.0122752843164728	2.7194298620642643	1.1459466470769528	3.336383282457093	1.031891720174706	2.5469682550701895	1.6185654706620958	2.0567546053108043	0.8603993739887819	0.4041414487697208	2.309547106248785	1.265661377522273	0.9541530115355564	0.8048731736452588	0.8530788434209455	2.771688780482425	0.9509928286466793	1.2551291764184476	3.2624549773159104	1.34325473537745	1.6845823561238273	1.983228174026973	1.45230818065608	1.1386061426758602	-1.417061064264142	-0.458468684804183	-1.808121859956605	-2.152391829722682	-1.084883179301049	-0.8036219453471765	-1.8562604201854793	-1.087615308153312	-2.1447046616002474	-1.0870053527308394	-1.2125840628486715	-3.1845425703085013	-0.8076486470234068	-1.3406835323812087	-1.9754400371641454	0.31539766191209906	-0.8135078040577662	-1.5443287770814422	-1.6805874336472955	-0.9800018996360043	-0.501569178972542	-1.0857447045782787	-0.7373729179552238	-1.949402719291594	0.8959091644828141	0.6253146690083748	0.21579411007794147	0.37057519757762775	1.0425983423839653	-1.0985319318800744	0.07445798261628367	0.34698477029915037	-0.17119397941056802	-0.4435661882906405	1.0023827473779239	0.0240869061606912	0.9860843821498646	0.9570961214617631	-0.5251838183810812	-0.014228764364187008	-0.2588149451010703	-0.11659799000901183	-0.3759673721853044	-0.9961331882489171	-1.7529314318957867	-1.2227811601129024	-0.23183744006021514	0.6062160905591031	-1.3027632250214605	0.1199974644710734	-0.38704390701606195	0.9553284083170887	-0.5589026930645553	-0.7111094665955573	-1.2623792407828214	0.23965612273348535	-1.5206657332047993	-0.7748815565846829	-1.312614690247016	-2.272624545847397	-0.3639705944196696	-0.2371097432781562	-0.9514091693067465	0.30547899750663843	-1.1118398698876863	0.8186243515604373	0.2637720682500596	-1.0762350707029487	-2.6689848586507123	-0.8264962886228865	0.14362197750571748	0.3564401042509395	1.308935110263229	1.90987390246873	1.235822905431829	1.926659419136498	1.4093928471543076	2.3724077782273825	3.647513484458054	1.8213200523175952	2.4437726913992415	1.3394826750619528	3.2780488076200482	1.069490857261982	2.304095584341475	2.792450264821333	1.3991445883702194	0.5734304720473498	2.27802293626625	2.8245655929689777	1.492094617097398	2.6106748672957796	2.4716323882840006	2.955305637991309	1.4536949587134405	1.1868492821933687
S090	0.7357201530722265	-0.0315231463233005	-0.7909825915413146	-1.3956261869721618	-1.213525358705569	-1.1070240261444444	-2.012174906454805	0.6517630206487566	-0.2057071532187677	0.14193538364189118	-1.4224871580910605	-0.6754738661194561	-0.4794673225040157	-0.22691588361893106	-0.4524164763463948	-1.2833271967164968	0.586091673057921	0.28083950992362006	-0.2274996895738371	0.5383993328153952	0.679095037477205	0.8277374110137378	-0.15696739213825062	-0.5392237377461874	0.3940292684728455	1.3918200806802163	0.6590372120685516	1.0495755131121185	0.3382848190858226	1.6079190512096337	0.04316026949501006	-0.07786430714109316	-0.4882238762758425	0.803057343761583	0.4570004366702528	1.2388498202435554	0.18654870910168753	-0.695751429320345	0.5994443097866096	-0.15069678817215015	0.04195568684344897	1.4103117860233536	0.9273936851588851	0.19647634462566238	0.5342581603787989	-0.39081699920369517	-0.5307826791159108	1.0057043758304665	-0.4089072871037742	0.41565378200626735	0.7752840997898719	0.2498981657738888	-0.6914576858817292	0.06022427430979921	0.7966014979104723	0.4994435062023621	1.6629975023585821	2.1738527485438213	1.9274167031860383	0.40161559238170774	2.0939042098262233	-0.3139776257038437	0.8345258573056504	0.9679606209659789	0.41068862018212193	0.3482642844658851	0.45251721156120245	1.1412696285660129	0.7121489795316746	0.8360729738836197	1.4011508045602428	-0.8132364208134766	1.7771927924474338	0.5227353401106591	1.0658899044979715	-0.09540047734580427	-1.2019500110432646	-0.17969453478533104	0.536874730070823	-0.12584240025764498	-0.9632404653275942	0.2614651888689797	0.45665666092118457	-0.15111185505722685	0.5267994749496299	-0.194200239843137	-0.5183804739107214	0.9310342484746499	0.6776444813877304	-0.1776057374776568	0.17482562747818692	1.4919273792536962	0.9122959976311932	-1.5921916943062089	0.0296575872707394	-0.3865542160004517	1.3575667505125633	1.5547196310964129	0.7306992025265	-0.10836375787434571	1.9869938395853344	1.0045642322698836	0.6757051221047016	1.7845336699672991	2.2179091739861367	1.310078442515876	1.1667432936913873	0.5732748326592082	0.16200404477725106	0.6123973924248174	1.5139525681224633	1.6732771456176252	1.032568220488813	2.066148134306581	2.8201851309030666	0.6898885598932604	2.103179050362646	0.7155093309724114	0.49019632216693876	1.3837100909262343
S091	1.1905587320690265	2.2873946656048996	1.013236361713599	0.8435873801142073	2.0179258081844593	1.9928116183660864	2.083647987479875	0.8950338459064362	1.8149980412544489	2.306646041656109	1.190543105631824	1.3598975983190515	1.3360450348853636	2.789782983313649	2.2950551707700537	0.5019523848572891	0.35780706715397836	2.094496846454596	1.4039258045334753	2.000466259335546	1.7869646240293684	2.3820889795019884	0.2738362605215334	1.1361178741337883	2.8664736320659205	2.265680552332622	1.1053583626460566	1.8449135231736506	1.869328709155353	1.8971728118424505	0.880159390339051	2.317285214717608	1.7873790881087626	1.0477472655893754	0.46480157981425396	0.9708705124070215	1.318310204959022	2.1277751131535325	2.5636458476520136	0.6976237196743382	2.4795344217470685	2.5811999440359648	1.338864869252181	1.3310247837299873	3.435443684704982	1.7533043148865006	2.423539252277359	1.663582504247655	0.3379955389959438	0.2471673008521953	-1.08892135220013	0.13445120706665536	0.07814827154243931	-0.4499910328973946	0.21433190435411348	-0.38311290722503377	-0.1669659331164865	0.8684190779114649	-0.41168551423938615	-0.7766332908875028	0.8913362024654436	1.025294740148166	0.24288821484570164	-0.47236023141078454	-1.2979269226930708	-0.32033033112829	1.1062484886108037	0.2508907628083612	1.4604195583169037	-0.21805436774645692	-0.5197139028350543	-1.2329051648404028	-1.6460717721020393	-1.6414966384984986	-0.46687169320594096	-1.1615489224568387	-0.9392061146572255	0.34823783359601357	-0.2718261165499433	-0.4344690526931129	0.34535503005324886	-0.7278377967614735	-0.13627125027137854	0.6983359323055146	0.21744835225147896	-0.7806141140795434	-0.8088869238666524	-0.7452646518380501	-0.5890411799827124	1.1921023695886044	0.8872584243068491	0.28166492746667937	0.31769560991540113	0.8670989439132086	0.14773194719748167	-1.2703701641283316	-0.21635261764696656	-1.494121635342712	-0.9819614985347744	0.5460621859215053	-0.4741137114772867	-0.18468796427291356	-0.7380666482686018	-0.31082411829243173	-0.43095364358063065	-0.36152901336556487	-0.28480091309335664	-0.3445638999863371	-1.7702134313764089	-1.0622899032225936	0.03907844222196011	-1.266840091760947	-0.6025054107335948	-2.228297580863254	-0.0548484374253011	-0.19457542629905678	-1.6300533586400516	-0.30319689730048704	0.07451352335517569	-2.029293848046696
S092	-0.23199059014515083	-0.24521022116235286	-1.1912973330168573	-0.8545129992840075	-0.9014601007676788	-0.397042513687629	0.12766555340932434	-0.6531606440253894	-0.5552290906752748	-2.108127850902225	-1.2816685977175026	1.0495981969935386	-1.8045519487961565	0.6587276258181198	-0.6710992798580211	-2.0033472459805997	0.7333618190705653	0.5944692669969533	-0.8353844250451853	0.26103574527108603	-0.7175014760497217	-0.39204482801975427	-0.2997702473304841	-0.6175942897806075	-0.27232305521848005	-1.222592880095987	-0.21584804052690315	-0.9811770011787875	-0.8046302250086803	0.35249993215736186	-0.4786176445421571	1.6899090665144922	-0.2468375484939242	0.6115500928329463	0.2593007586748504	-1.206525750306977	-1.8344629254175224	-1.3812067051140775	-0.1968982597242591	0.8231068869975227	-0.5552077776421009	0.08666106252776867	0.09691121894765556	2.081082495515267	-0.4770205245324064	-0.4544798868943712	-0.08405467153596899	0.06739321811303849	-2.5784681551013735	-2.905394575522444	-2.169624048495013	0.4716257329028386	-0.11075881120036768	-0.7908624124357441	-0.7049584150992286	0.16017630611823896	0.05901323569627226	-1.4072698010195785	-1.0414008073374545	-1.5040111467487836	-1.0098517087225596	0.20578126937768448	-0.7408644453603088	-1.0278531542829348	-1.510427043611105	-1.9730849547214604	0.49388798163141057	-1.3843176102631602	-1.1059153740349996	0.1833803597396011	0.5815593339881009	-1.0165179060166525	0.007801576855954173	-1.3229215366114129	-0.05700175703393118	-0.025584976471442977	0.5338599096299149	-0.8883419823311056	-1.2940659182182928	-0.40321228104896745	0.5324324227064489	-2.1079364066771102	-1.0619907444285315	-0.10590560131132187	-0.2710826228722143	-0.4355381233500936	-0.5722376615446595	-0.2946639241007198	-1.015480596250027	-0.23800763442987882	-1.1962808767272661	-0.5239029537509845	-1.7961850423421724	-1.4309702480775486	-0.6763811717588124	-0.8819614941072699	1.0940250681246306	-1.8595909384757372	0.5674170319293719	-1.5023513241738682	0.32625938573188656	-0.6346713295673714	-0.8362618186466849	0.6253650400801511	0.19615351877586412	-1.0196637158833086	0.5660248201657814	-1.1342433677578294	-0.44236330400165724	0.43185361479986456	-0.865344652658212	1.3974296203807643	-0.6634176926554208	-0.042198936590179204	0.17825083281422377	-0.05261783531421016	-0.6007756123132169	-0.5257430973942337	0.26084055405692147	-0.7124157832419906
S093	-0.31598519490727867	-0.4268840879452668	-1.153791203174972	-0.49868876394982165	-1.1519533150574204	-0.6284283672836348	-1.132978971720417	-0.6576507530894902	0.5450334198008601	-1.2585964307717294	-1.9059849312092245	0.5398330783935298	-0.5015277682835637	-1.2559746399754788	-0.9352032381499364	-1.4664841415209944	0.014791782877019322	-0.16481208573501283	-0.2326254063388551	-0.559320550166501	-2.3755166077291063	-1.6850660085641302	-0.507963046609097	-2.8594424237064677	-0.46881679106831253	1.3610709939502927	0.8944583228647365	1.2562351943388592	0.5907662425191301	2.022128988268873	2.2262389049855087	1.8174733830018293	2.07781326234465	0.6668057906361871	0.6824508485636531	0.8862410924197732	1.9401832065844937	2.132793108305239	2.103357473348427	1.5135597497232027	1.6064829587251734	2.0396013278134943	0.8233239266946839	1.0926411528059685	1.6954299705838283	2.6343178307364745	1.8808733888022273	1.354010644670077	0.2842116129872534	1.469016988073251	0.768067597229949	-0.9646900110278454	0.3109460873052303	-1.1750265065734413	-0.7139231133525958	-0.31307691801842547	-1.216397033338957	-1.731545786294777	-1.007663713409082	0.22333308983944	-0.0252945829010095	-0.21332824887879875	-0.7604676999925875	-0.2839067783823463	-0.6661300707082889	-0.7817912220900368	-1.3646148313114566	-1.3315760047706835	-1.1338981433044455	0.022119234030657298	-0.08954853082506053	0.18362210901628606	0.5384608742008024	1.3087327079587416	1.7725303665176817	0.6255830381944849	1.937797360221115	1.4891260286761594	2.242163966187187	1.3244613453017167	0.7837681018136371	1.6036637815916506	1.4530747067143717	0.2713364673163974	0.6509014797738927	1.751042342017938	0.0031054048248568833	-0.10697514722955881	2.2177996322173947	0.2855941447940056	0.9126201960178861	0.8868410901883876	1.056065648643835	-0.035987354115913694	0.3726023415021762	1.8177739723863267	0.14883058939752836	-0.6041539487846707	0.3361249352049449	-0.7984136370569526	-1.353799169029434	-0.40151257832995674	-1.3033357439214277	-1.559979127247424	-0.7102434630062248	0.17193313932560483	-0.3604165784735188	-0.5438046961183005	-0.4753145304187093	0.3840065010063308	0.9494640446838509	-0.12287122739209222	0.7808404109706291	0.07841334830097613	-0.2660428636035458	-0.1590707196003931	-0.5844124676256821	-0.5072375914497066	-0.1498651977688068	-1.5837665703649468
S094	0.18638087981671175	-0.5704645224027898	0.7564203319036982	0.09250426720833024	1.0969198630139338	0.5199091070993354	0.34078437317811283	-0.528886254041563	0.7519522687874061	2.153211458433935	-1.1185701848218528	-0.5692021423678824	1.581059518128377	0.6592183569166243	0.013041676020667053	0.8753681139778265	0.5157790538387678	-0.27231218301916815	-0.28484735785595383	0.934005587063768	0.5244291466794964	1.1119313564343938	0.7728099695777797	-0.24141087835826838	-2.774175400087592	-2.2629174142570347	-4.563855719216834	-1.8041867701619247	-1.9874665087035566	-3.058923577613479	-2.1072805791029756	-2.3271022163618684	-3.2013369196964243	-1.2803857202333524	-2.237192897702111	-3.210144862903449	-0.6403763520532777	-2.4128649973418326	-2.914405237408788	-1.7786251782334173	-1.6636873913092227	-2.1250278695057623	-4.702401534539559	-2.4205475916789774	-2.4359762540393946	-2.462058142984103	-1.87828352827803	-2.1771262678369805	-1.573543779094119	0.7967628664357413	0.2863714832432837	-1.605792947565826	0.1889636907074146	1.1684347260623063	0.6594052229203392	0.5501876258845372	0.657305396893024	1.0416728951428451	0.3603594086508294	0.3731117317064543	0.05154097245914868	1.803879779488891	1.144268091692894	-0.18289506609457706	-0.2921659632806063	1.3062785251269013	0.919701544844678	-0.30376678565294657	-0.5657864756202261	-0.70223260021895	1.69188506438272	1.720430261640817	0.059923333190909256	-0.6511568477304751	0.10948834917967099	0.09114908834882322	0.8959580066647224	0.3701717888289991	0.10585952590297501	-0.3780573255616575	0.660093981989318	0.19398551460380162	0.7229778330202681	-0.2612080065346547	0.7212399367403171	1.2918990640091452	0.08094683208422228	-0.8108579575725713	0.9489285034106694	0.17087520324813388	-0.255859557796433	0.1572135555831574	-0.3643037741249211	-2.111016219345281	1.7027887805341642	1.7010599980612011	2.9876124914016544	1.8286449660401976	3.3006836519867684	2.5196395367963413	2.219040846984592	1.203228205029703	1.8977492244310055	2.52593382867342	2.052576384292471	1.4979230095754485	2.0269674960370785	3.023713577093737	2.4342427320826197	3.4720039517730403	2.660238063253326	0.9595311022472286	2.9693272325728373	2.4810379901105	3.3750436995388196	2.1726940049438808	4.240247308879429	3.66734302659932	0.8944984918177699	2.8324593289973907
S095	2.25074601457755	0.292922754100964	0.6688170237169953	0.4052273562302271	-0.08949105312589034	1.5295280157542488	0.18917050330625118	0.48407321083965893	1.785671423825232	1.7236236047151916	0.5343137139281242	-0.014978464000064529	0.948050164712023	-0.24683962521101854	0.22311371808107516	0.7212320462047417	0.9049489060288356	0.5872689155321866	0.9151771637167224	2.1370853413453084	1.5331540143562001	2.1348340907529493	1.7482766037904784	1.2170384200050062	1.2962350409367425	0.32018721909780745	2.0311449511530646	1.2898411905707787	1.6190515948776723	2.41818573666792	2.170501270194136	1.6425304109966938	0.7728989424913344	0.8111457912268818	0.4506750828059347	1.0462151192176656	2.912571224306918	1.4135028886386924	1.4650821307630255	1.5447315162390813	1.9513891160946317	2.442560242683545	1.3229093045976692	2.134780109591802	3.9733821162290326	-0.5219628635022482	1.2459184513042512	1.431885507401807	0.42311812157618484	-0.7739503652543791	-0.9498557063396678	-0.8781305683835541	-2.2959294426564836	0.47954552222177	0.455989256719963	-0.7496019994966967	-1.0270525059261904	0.33810138703170906	-0.692729160544908	-0.016087800012424325	-1.384527096031629	1.1152840013277647	-0.7094315241545188	-2.3767950522334695	0.28114929604735134	0.7516016636893017	-0.6956458075390828	1.2560002081818382	0.9444859358089837	0.21620790585914318	-0.3316968792880086	0.5006555988418282	0.4896856254796763	-0.03722496911990425	-0.6226347305853219	0.01486188131034416	-0.6855105754192657	-0.2800205273629095	-0.7599048435555473	-1.9227750677087734	-0.7847224797277382	-3.2397446437057296	0.6543655569926604	0.12552117201515756	-0.6174052143192835	-1.7998386279515435	-0.5736535373029475	-1.2063043499492505	-1.2674958800280443	-2.506450962537265	0.28228436851910643	-0.7816040281307389	-0.48655936783760306	-0.7697997754620912	-0.665670089259681	0.007598538234582675	-0.425123019729166	-1.146897494589776	-1.571687970672096	-0.782631133146451	-0.6108690588186054	-0.5269431184480978	-0.4781215659624177	-1.1354661023643033	-1.9234600420494898	1.099489129334452	-1.6643184717366692	-0.24211817590478552	0.5484574914607641	-0.7171302071978372	-0.30124790863394957	-0.7696372188125387	0.8204704254027158	-1.0668915109676473	-0.46486886474500894	-0.019837152759522414	1.040188997363367	0.4976273248606444	-1.6304689281424376	-0.481035965389138
S096	-0.8100626428073726	-0.9078600887515359	0.14454135388874245	-0.1658765148948549	-0.5866249011989402	0.4887732670752938	1.1402729193276462	0.1065395887731932	0.22967802410817245	-0.2765623176976141	-0.3893431493620175	1.7399320061926948	-0.844119238186651	0.03202984447891222	-0.19670254164177298	0.07309626923193713	0.9980762687007999	0.9560196840604608	0.048919978670019265	1.0598061404921721	-0.45222816112526154	0.44555126647868554	1.5846191972257233	-0.3010607747312306	-1.1081646179107003	-0.9785228470728569	-1.660980452855139	1.3804424397456625	-1.377269049066141	-0.9554075206090558	-1.3127520209782653	-0.7086489654837242	-0.7107690073113291	-0.887784376052411	-0.003842976088846095	-1.247592034416275	-0.3276619738704022	-2.3134057274675675	-0.320226939880896	-0.7032927751423166	-0.6738128886577703	-1.0232331750601138	-1.3967289471364956	-3.011121532972549	-1.5888391324047835	-1.3366169501791092	-1.7501578652936018	-0.8027218599473639	-0.25540383731682015	0.2667685106311631	-0.6282422593683601	-0.4836061344153219	-0.33420834257674925	0.47291646628706036	-0.6570666976357222	-1.068504645790841	0.66562416811374	-0.9536087620304781	1.0087152353210809	-0.5007792563034386	-0.8700961130569471	-1.0019063496725897	-0.09806557349897732	-0.39158196176610727	-0.9037442846387358	0.4656669765076929	-0.19501186050371672	-0.17188604829747584	0.26801472103471863	0.6123556078374406	0.5085900053175507	-0.3700997512545537	0.26890259173445924	-1.8022979107793573	0.05967244401990818	-0.10361398276512446	-1.1920174562431436	-0.875737572172267	-0.46500530358662584	0.1505418368820433	-0.30794255849197816	1.3583667246793691	-1.101392956966735	-0.11825259526854082	0.07311122792647018	0.1299676071043097	0.6416153080360025	-1.6798511626623138	1.3848292958428021	-1.594262917813738	-1.6704493214344545	-0.3001849235866111	-0.7001157687776971	1.0120121997263407	-1.3468347786708748	0.3368262687659512	1.4577948955471927	1.2108855788154265	-0.13455894792854095	1.1496235533339756	-0.2247892788978153	-0.3860048222581649	-0.8641347679526822	-0.14520542340281895	-1.9602944186902804	-0.8073622244842905	2.092941201008347	0.1697899186866597	1.2241745640603479	-0.853616872481863	0.2930367228521916	0.6734992342233659	0.45175616063062995	0.6991733172045103	0.5929529142131955	0.10965606568253522	-0.20945822321040486	0.6387449741619741	-0.2602809735324647	-0.9823033531985376
S097	-0.4214348982263263	0.6133351238850532	-1.2595108665925046	-0.5340687076913688	-0.8373691227985239	-1.479083300769608	-0.2621199362952248	-1.2608320713885157	0.7390747360669466	-0.5689998707773989	-0.753648459766106	-0.5528313859740591	-0.5032989189157074	-0.7449082041198194	-0.5397460086233055	-1.045378071617414	-0.9850804247739304	-0.16389401681503457	-2.294609077780791	-1.2251153830928851	-0.578684660434379	-0.3116244599764753	-0.8979620144341152	-0.4765495893141834	-1.3101710881709911	-0.5827540580505461	-1.4867614152600794	-0.6456920068086957	-0.9447893670432355	-1.141339182878521	-1.9101617857806519	0.02698699390733017	-1.3126062900183642	-1.9976146164651762	0.05711367686168711	-1.6900233990839275	-1.7257021079823849	-0.8842561045424133	-2.159612519117309	-1.5447677631307335	-2.453886741180825	-2.532771795240824	-1.0233828903637918	-1.1819204442588498	-0.010198625451781185	0.43001062984413374	-0.794817218942615	-0.6841195514962508	-0.14919906518222228	0.9901130438713069	-1.4166510680898452	0.5859429571858857	0.5228909704903104	-0.7744376680428916	-1.5733258617247916	-0.01093504287757896	-0.5312587721412222	0.17528557320121096	-1.9010671857500419	0.5128965925303465	1.038720473640339	-1.0146809161492967	-1.0801282429730044	1.1168174810246412	0.31616016107507217	-0.15762483417878015	0.5618214080064524	-0.5424727419478632	-0.7597535375817857	0.991009378504606	-0.5755175334061033	0.17482871123818122	-2.2867184635609457	-2.1417615996132677	-3.6727507101269725	-3.0574918159344593	-3.7606109852426632	-3.930025608776402	-2.3822146953485634	-1.998358399202032	-2.8365575210582605	-3.847380383601398	-3.143333226091693	-1.6917196215078982	-2.4818608249222254	-2.1457381540174643	-2.6984670822537113	-1.6516546561889958	-2.3738911771926925	-3.1046980005482525	-1.5114569051324358	-2.024021570675392	-1.599752860477137	-3.2150277230040567	-3.1215303645961723	-2.632403589792595	0.6856538305040597	0.24118865739814252	0.09622106343431304	0.9817143922322336	1.6744065121420697	-0.0026675426547040637	-0.13524453554102953	0.32908221316401765	-0.7909180536979656	1.4635095518978956	0.4036583716114237	-0.14132687171045652	-0.465255354545719	-0.5752971485321642	0.5692187336651213	-0.45813718716803076	-0.4024751995583288	-0.6831026291204573	0.7867343034784733	1.290556945512043	0.03305210992457737	-0.7919972458911486	-0.9429956176191499	-0.3588795335999194
S098	-1.620791473681795	-2.829790566884789	-0.5888430357868815	-1.1268229173525013	-2.1071053317715496	-0.1612397511681971	-0.799224120021149	-1.8416232843064986	-0.4559663296679203	-0.9099974500626793	-0.6781198961583788	-1.8226547165534743	-1.7865265037137332	-1.9991910346737167	-1.774066494106147	-3.1916904028155884	-0.4742068562963917	-2.285578267053605	-0.8854497986442273	-2.3797951571804132	-1.2477742612596858	-2.295101056995369	-1.357122899096386	-2.6209767063763576	-1.2504383498176512	-0.6635216184785552	-0.22100362330626366	0.48618287043298947	0.1887762476958687	-0.43491026810373073	-0.44943488583354285	-0.9551571823270645	-1.4287548952500417	-1.0253449385804045	-0.3524281475111891	-0.12256896576806697	-0.4753378292370287	-0.06863848252422844	1.146635205621604	-0.12724858366403802	-0.5450780616271457	-0.38881345064720874	-1.912196462456898	0.1456563748032519	-0.1161964630329837	-0.1044730629673373	-1.0116262732947554	-0.9460736928776479	-0.41021080062004595	-1.4950492948486709	0.7858634540165812	0.8729612041610828	-0.6323854080121127	1.8633890845089183	1.4805984268092156	-0.4172337079221161	-0.061784181132746294	0.5779592115653299	0.3921932622110889	-0.5596114772974713	0.24009326734255332	0.3119592937088339	-1.8513099742842687	0.07796328140877407	0.21132091880987575	-0.6872245205291198	-0.12837197351691476	0.704736066110187	-0.5471226116383949	-1.3696468981485972	-1.180534364078495	-0.06855003734108085	1.4035465628809618	1.28015514971363	2.213921091819551	1.9464492788059	1.8170929852925506	1.1791351503117762	2.3477698700829097	2.4530498528279114	0.6950564866831814	1.4009660976490799	2.18180213622348	2.665704909109647	2.0742308689933355	4.154620090623518	0.7110862788290859	1.5644035026069718	0.7629090069858016	1.318521773363699	0.2914657079570184	1.2301450613581353	1.1250119215708196	2.7140131436937867	1.09330484337625	2.349094701023748	-1.2819955352498837	-2.585297482052084	-2.0044587240962612	0.8986368556662574	-1.1878067276164592	-1.4473399696066638	-1.522963910701672	-0.35315494040426587	-0.6672759146296631	-0.12016566294056918	-1.2776167180045077	-0.7547002607553075	-1.6334650731836078	-1.5869768174119634	-0.8454386749481873	-0.22954230620577043	-1.2616572680087186	-0.6028402460119519	-1.604920139685262	-2.216208015131777	-2.6667988689648507	-2.1213936570296665	0.2619280557186985	-0.40179026867477996
S099	-1.875057059134491	-0.8738076210446107	-1.2304032324343668	-1.26468349189618	-2.088268957082071	-3.158745986380416	-2.1159408164886293	-1.810280815421575	-0.21812102627705499	-0.9459010910861267	-1.148350321758479	-1.867010922400513	-1.984927857885753	-0.8890228137228476	-1.6991612132517733	-1.6710357877315087	0.132763386899184	-2.1869757053776127	-1.6268047824520382	-1.6012721777299204	-1.9225867062248478	-2.530773476397967	-0.38363966512079783	-2.53147724894301	-0.8321198925294133	0.3302070245747881	2.5703265689846733	0.6532100629525288	1.9296831177368392	-0.3468960569784518	0.4167027057770258	1.1164106871204045	1.2623259971248673	-1.114137340592632	-0.08882386942458509	1.080270192150906	1.6133123024061689	-0.2544717202376483	-0.3466980074847459	-0.8517120821478519	0.167589368537145	-0.30078924146065433	1.6580257510692613	1.4237198306402068	0.4481033679653196	1.3710478850359151	0.8966338257380883	0.33805839417616695	2.3860072539033315	2.5700383739439	0.12840159829095676	0.7805778999112933	1.1973918957930676	1.7751903622955425	0.8871676267288997	1.6713905398380549	0.4058745871164213	0.20182073724089955	0.5704856641587173	1.4953799616954102	1.4868741942835182	0.8111205846400535	0.6924976008110943	1.7950119458426688	0.8144676418902579	0.7296968960188119	2.074096573371671	0.9759490503165242	-0.06987954808748431	1.7079523449982401	2.4241699107395354	1.1890960227381557	-1.0092349773792355	-1.2750893935533363	-2.4967843521320874	-1.8163464573982018	-0.49546481610978554	0.41890194998523544	-0.3102369328359408	0.6884669403007432	0.10322632769455076	-1.3373513223509164	0.09734859367636439	0.6394861644242297	-0.38514247600759033	-1.6431040484950912	-0.5663243562550402	0.35801106716287834	-1.3226001395822937	-0.43892197228263186	-0.07188457626425537	-0.20665642530770878	-0.7965213437466887	-0.6664846832575023	-0.27810273195095936	-0.6803808900988729	3.1052323953237764	0.0024419268002264793	1.0466576497527966	1.717654212213782	1.390100695572596	0.5454175588154425	0.5152578762015795	0.18204649592572208	2.0616691492422277	2.578969422425104	-0.2422155953919194	0.2958725384184075	1.41447299023751	1.058522456224625	1.5836649890771564	-0.014642403159554451	-0.4816385896065434	-0.7140895240678757	1.9754211946897144	0.6335565331121509	0.9182777621696532	2.3955698788203996	1.925014083137464	2.0834497797912697
S100	-0.22340866148870142	0.707695028021784	-0.4923057127145136	0.3780430485404146	0.2974068065521162	0.3132828134461323	0.39062947289833105	-0.6240537012050718	0.06308045372017551	1.5302931785520388	1.4338376815648788	0.03806006543746798	1.3705995344197306	-0.24920930467296554	-0.5884839458501891	-1.1111276476226888	-0.38771574327762437	0.8705849756315549	0.24224450562706262	1.8319901483044894	1.1742319563023973	0.21931106666296224	0.32405840981089806	0.3299534431601352	-0.6143602835929158	-0.6065612702133992	-1.177744870925151	-1.7004540622120894	-1.37616546288054	-1.0264885766916292	-0.12259904805452759	-1.7000216687733294	-1.3246556570545656	-0.240275762644925	-1.5985037977914809	-0.4417190573504435	-2.0203759847303067	-1.4750608305482202	-1.3904825180926852	-0.044935805967726505	-1.1264956954269736	-2.1993918203749843	-2.199836339274329	0.37637330090692145	-0.7660461309266513	-1.5604948894001238	-0.5260564467918103	-1.7404371333966018	0.8009056761012117	0.5811741321739432	1.7530484001527846	-1.0724238284583236	-0.009093792104826914	0.9540535251147892	0.5613216014516829	1.0708688815552907	0.3241183593519795	0.7277180847988871	0.7063795953667449	0.96560754145505	0.8485486484981123	0.5960189901424223	0.8158750921971802	1.2212079890128595	0.12619281976683963	-0.31706165653633417	1.3661595109429503	-0.31402344563002854	0.7784574394517869	2.1553610797613283	0.7619126598086479	0.8262012294605163	-0.4993074039589501	0.9176728771839032	-1.6190629286853158	-0.46910668959932045	1.5124617000553007	-0.6187738174938475	-0.5720679373252321	-0.02222631367302097	-0.07735506374001724	1.4933690510932172	-0.22505349153021872	0.02947192424870175	0.4185566315233028	1.657775529612849	1.1086705865587947	0.9564932906827498	-0.34526393567165337	-0.4352541752748368	-0.7699497387910933	0.7369502256088294	-0.36094154801294653	-0.01366343845102877	0.3872739036384324	1.6720313830585227	-0.21504934497451877	-0.750220522927505	-0.05107953638504159	0.1844492190173559	0.6960275782137219	0.16709964394073823	0.8672402161644014	1.7017997393558773	-0.8181541511347343	0.7287234273218992	1.5942340121042804	0.9562947532236037	0.4158848100390917	1.4573752062424639	0.8834247074447337	0.3847071946571582	0.6507894749916585	0.48042405672617444	0.941710521472721	1.263439683994084	0.036369216438802754	1.464319670184385	-0.6154914586122722	-0.395686249682919
S101	1.7889977545450217	0.6823611570775292	0.9781113259553813	0.4013575929040929	2.028716430845395	0.710424839676969	0.4722757611656301	-0.22639956615366075	1.762711008491555	0.5163510827714578	0.9334024396568124	0.6613556575369385	0.8404984021573666	-0.596325451508774	0.36204969548289356	0.12282388043911185	2.732429337448656	2.067205776843536	1.3401744523811108	2.979124041970019	2.0115709204573218	-0.08606570521572598	-0.038466736864912865	1.204005018526057	1.3020734110355277	0.4894268765105194	1.099691773563377	0.04690977804259888	1.3050691947908595	1.837349859122162	0.8513058343497608	1.4685416856586035	0.3877014377426924	0.7903995776334676	1.1547105776049154	1.6639903159717577	1.0510308831237987	0.5981774627238052	0.0784732184997603	0.8859494403272199	0.06774819554499811	1.6387932627619985	-0.4315473917246522	1.1801783274460602	0.7976335361754324	0.7635038431942212	0.9735256012766227	1.5042434234157551	2.7282404467501626	0.5245356242531346	1.0828551011462684	1.7611858523152364	1.495422164205677	1.1566169439302287	-0.8361896368223087	0.5582287191650206	1.249917285994223	1.1492234427619485	0.6108630729927087	1.2295234021995145	0.49830583170369835	2.58156509235587	1.1468799965614709	0.46522783118797384	0.2705467377801054	1.2795611640827627	1.4259802021408525	1.259662317860141	1.6012430650783156	-1.1426418133622775	1.0419106403512117	1.833182030890954	1.6306531984085417	0.42423605868102754	1.0842896184164366	-1.167518929791382	0.6615771081305764	-0.5320622588288229	-0.30347254411661095	-0.723191777266123	0.8385650081721832	1.5594983415939994	1.2010772639823215	-0.8131126271473813	-0.27876768741600744	0.44583485843726295	0.3619776103972815	0.34008578308565496	0.0742501753856889	-0.4439707975556775	1.178597767486794	-0.4441302508018826	1.1904228616433903	0.5293931371407736	0.34177379209283587	1.0609371249984014	1.5143149715047655	0.49398537149372596	0.9569192129289058	0.4845645223141515	0.276819942063688	-0.8110403014833836	1.0390852227586187	0.8082862410040151	-0.6283486737884767	-0.17465398897233497	-0.1671593021450989	0.3095863364523116	-0.11120945025354756	-0.02182570532390843	-1.8142807504852587	0.7509850473860498	1.5529148002806878	-1.0037696503137716	2.1147040349311457	0.6509211140815507	0.8812590361678119	-0.7173675884131763	-0.25173253150169295	0.49653925315919006
S102	-0.21979420722803578	0.004887254290700582	-0.8242395219475391	1.3121087688798365	-0.44518537411775916	0.7318896858401592	1.0032186631041193	-0.6324829101753608	0.29681030733506775	1.1100881370429103	1.0023016834508685	0.43712050940550684	0.18746968293795588	-0.10121423369476833	0.8507189359205182	0.30215390591702695	-0.06486157452645472	-0.5424602002368011	-1.2464202798820607	-0.3031135414257625	1.3272713086543046	-0.5511842440470772	-0.6772728486856057	-0.35682425970251164	-1.1944895949745569	-2.516433306892033	-0.5999978420007737	-2.2630801503650377	-1.6310288617192428	-0.9803952380778864	-1.5390671980538144	-2.1745673645598758	-2.0343840551330774	-1.8277019150838396	-0.2761379434884086	-2.512362134308148	-0.6028782165987382	-2.5081722391000376	-1.8650377119821302	-1.0512532293335883	-2.0704380200891848	-1.5189845889478355	-1.6826154246604086	-2.20888761273793	-0.12739062529322354	-1.5815235654587991	-0.21156604904019405	-3.1406532964780305	-0.06231726142798555	-0.8584714373434525	-1.571794466346311	-1.5372571286371826	0.08949613116728528	-1.337269141627499	-1.3840576734332122	-3.149310608220076	-2.110698321592471	-1.527912199561138	-1.3184750272111807	-0.9073706347989817	-0.7917794153219306	-0.4361832337821735	-0.8135528901012012	-1.110851187514322	-1.083984463467495	-0.10306410088409823	-0.6123600097831619	-2.409427624641807	-1.120040153517356	-0.7490484097260022	-0.6145261432508022	-2.3224089962986767	0.8350741565365567	0.17422727515805247	-1.0132688023463743	-0.4522116463129385	-0.5147227005489877	-0.8818502224824201	-0.3863252300087845	-0.5831706871652687	0.2694938659577958	-1.2102115487123906	-1.5190685747685144	-0.2286737128562835	-0.12007756626540378	0.5487112014496965	-0.7774849739003974	0.5683393836660761	-0.07488468302291024	-0.12789067160355533	-0.8550557927638327	-1.1604714992139118	0.03281991675199919	-1.1521365206201049	0.6960676511847996	-1.437752970638589	-0.6873540706185153	0.7217861230779818	0.4539452975153946	0.5814775733970878	-0.4310615941230883	0.9454401052547373	0.6186469894533579	0.9565301910010244	0.49952923047218284	1.7926187908735325	1.352315437270319	-0.9424917156289394	0.16546062714217363	-1.235486299905949	0.4422718953531546	0.7966140168481145	1.195076080772532	0.8223066828975478	0.0991522771616754	-0.873086277799074	1.3915101127774558	1.5766111113855066	1.2436990989290595	0.3582011643572671
S103	-1.244659881536231	-1.521704834951236	-0.5597747649018406	-0.8137302734409878	-0.12806819495323107	-0.5931565618256913	-0.9251773620158458	-2.756817868166653	-0.9166469951753284	-1.5968686682796656	-0.21218257191883072	-1.0156129219935164	-1.6844591246823342	-1.5089573254294977	-2.0355544789495186	-1.512402562452156	-0.8222153997734929	-0.1313060045029788	-0.6584800933195583	-0.42660820868664795	-0.36148057512893983	-1.3332660781634669	0.08815183226593737	-2.1557302819162207	1.0016320219111619	0.12099488387555118	0.03083217006116784	1.0289028227426813	0.8642845924195937	1.1316376689986791	0.7972247000499284	-0.06457310067350228	-0.22112653812256794	-0.2784890590464066	-0.7957445163728365	0.9438210285754705	0.7762320421338431	0.3974269455419447	-0.19010758370997777	-0.49774787238765733	-0.18972001228913843	-0.04225287630331381	0.5475541499542379	0.651028150740727	-1.1205740796833137	0.20474323014479812	0.25932563714519685	0.3804726456387078	-1.1231333129925931	-0.5556286360646805	-1.5447600913134036	-1.3303801455871873	-1.4158245555364126	-0.3416248961309486	-1.7930672487566373	-1.7106100178595278	-1.958693735695606	0.7199663282311514	-0.4408725418713807	-0.9290986407213301	-0.6963976112140254	0.9934112902131881	-0.7909679725303308	0.4222764970009115	-1.5628493016876066	-1.91323716266829	-1.2457543655255574	-0.762845962710277	-0.488842992591582	-1.0449295253146296	-0.045609352970362504	-0.036943650241269	-1.4227991450286712	-0.5578485956882457	-0.6983242706849292	-0.2022567496263855	0.1669912539739068	1.0817899556948531	0.6650407640550128	-1.2135606729030295	-0.8908872062207082	-1.0734921258732388	-0.5019354652113888	-1.5755578828676544	-1.5673751100701294	-0.600211992917561	-0.7866594609590487	-0.35064812038787235	-0.19491497208534436	-2.0580768746633997	-0.5491996278893119	-0.6960688701764475	0.006484344432555522	-0.5612762970230399	-1.2108771022547864	-1.0947059920210265	-1.0122854129241086	-2.499987021382546	-3.0484310872230083	-2.09252638744666	-2.395846982412857	-2.451565872455584	-2.044514225125902	-2.47764812258378	-1.862706756888203	-2.4484977550370326	-2.928557151718194	-2.440765882279674	-0.19655611056511946	-2.0377795073541276	-1.0642254353610134	-3.6096735903136326	-1.0168562130831054	-0.8706188777480088	-1.3337022104694891	-2.384975886241606	-1.8466215616420971	-2.616499023974501	-2.0626282092249437	-2.657169308019559
S104	0.9717481007990667	0.4524379401181911	-0.6993141988974644	2.2002378828328313	-0.7251110050737936	1.4245223486739331	2.3075821873251066	0.7105434195427593	0.7807448301694166	-0.6459843492772291	0.6731965522571057	2.033776826348872	0.45534659520826903	0.09352297643200813	-0.9795578153454564	1.90158502617258	1.2024728734530514	0.6314265070484663	1.7072692436097299	0.4484970528659527	0.6058273201846373	2.5722588712880845	0.15602961228613044	1.1053080531508324	-1.7282149667685072	-0.6917333116634864	-1.144367814729646	-0.4773443947583024	-0.5964472361716501	-0.3297598018126472	0.3043059804817887	-0.49999196636478066	-0.4242622309432563	-0.1338597777165733	-1.5456192094851287	-1.286469874591452	-0.9071290015684924	-1.1421959633339787	0.40406774529205913	-0.8441960346284948	-1.861358897314373	-2.2069698958734767	1.2434852097643503	-0.8929608412782913	-0.08215572801854842	-0.35080517182650417	0.5350516837723582	-0.9276342715769824	2.8000269574462515	0.9658559920426979	0.31913513454562714	1.5476281692801557	0.9314291406873343	1.4849253036199674	0.6297466458375616	1.7722572286974834	2.0454389176493386	1.8798401939216443	1.9341629268024998	1.757665909236409	1.218664380965318	-0.17691146529382307	0.6619045839201613	1.4833672346937214	1.9543810747397146	-0.12978025063730203	2.7152168766787197	1.3291840773935901	2.1733084350535066	0.6392527933845842	2.322609631356488	0.5700014594868447	-1.3106502394816568	-1.1756789545211006	-1.407409702798521	-1.4126900841211765	-1.1066794314822923	-1.2814539659583946	-1.437186925225529	0.6459446591747353	-0.4188350965669324	-1.1982949168326889	-1.0588762022571325	-0.9624833267134489	-1.8153348244156433	-1.5962632018817922	-2.3480464791614795	-1.8713637049073744	-0.7927253251068282	-2.558085183257785	-1.0332626870013124	-1.2994402651791044	-1.8805916636620181	-0.3460830795855846	-0.9889690937970552	-1.4605259178621726	0.9463891020328075	1.4725574495172604	1.5497649957156028	1.7198727271055336	1.0302050915242729	2.0661022125348594	1.3872459514691262	1.5592001726062183	0.6910859909367408	0.7307593914932513	0.23836230820887983	0.8704335635891847	0.114859225183919	0.6572051988457197	2.948189950897923	2.0287651171821475	0.2865383330578509	0.3251327693816496	0.49497609975931783	1.4014154223369149	0.36263505995204126	2.156976482453611	1.137837169751268	0.8021943045895672
S105	-1.1015751534226763	-1.2024403119332485	-1.2753749443346778	-2.325722508368511	-1.3903946760965737	-1.47437071616473	-1.8155334981685778	-1.9472259197742758	-2.0817717521525205	-1.9279354508998567	-0.9531171718809541	-1.2512289502889482	0.04400404967743676	-0.7977276321645173	-1.7564407843915737	-1.71168645989565	-1.4187713956017038	-1.5604108471877571	-1.2774387152621598	0.2725633675881627	-1.4019769248287477	-1.1747963528416905	-2.2337034056161937	-2.4808312312351815	-1.6894166674117426	-0.7895409760243982	0.04555990055656928	-0.25218219135492237	0.709086669553948	-0.17053670024739906	1.7223593785066529	-0.28779719573831064	0.5396623177031876	-0.9931768511763491	1.0148855059720079	-1.0545392409784147	0.29993385731294175	0.08023200009546311	-0.8156745386350731	-0.48757845221568386	0.5458687885305549	-0.32419134124530347	0.669415618566354	-0.16951881825995077	0.4364405993738521	-0.28069134595358125	0.8491761097330334	-0.13513546190791118	2.1152167812024913	0.035606544718683575	1.6411152538424507	0.34833770794521657	0.9779068843430228	1.3036803389882108	1.0257174707151782	0.6608857369893508	0.03874278792954655	1.0577106323821026	0.9882481166619922	-0.24483265702174872	0.3711426558392749	-0.5563624635263684	0.5949605406345283	0.07234560576213744	-0.345650028030116	-0.4974827465242503	1.2018429444577072	-0.13465764942244396	0.735671219463883	-1.3747823553472738	0.9671863208941328	-0.002166677591180166	-1.543625228801501	-1.845956038281252	-2.6894315771158106	-3.6757151719142405	-2.575124946134978	-3.270036928711701	-2.012613254306541	-1.4313520977308647	-1.0638335113794553	-2.6676753722324174	-1.6378060448263871	-2.7461934804916086	-2.2999688990286566	-1.4435464889341079	-2.247467844912013	-1.8935811799123343	-1.4385398927333248	-2.5652757017172743	-1.7564654980215	-0.30970754827240077	-2.2096862501653525	-2.381445640237811	-1.683816243078688	-2.5114150812663714	-1.6195303794282823	-1.007226850458795	-1.255585610267278	-1.2402477139577657	-1.8586456699185847	-0.7167629426634721	-0.4710075176469061	-0.6607833533305913	-1.6390232432901046	0.33688711815079553	-1.175711421823529	-1.9685786872329816	-1.9363347203618297	-1.1635544954738906	-0.7025980859803924	-0.4975350616066058	-1.2290260713062988	-0.6165187589656347	-0.16487607567648255	-0.5354178379311376	-0.519162047680386	-2.3015747949319945	-2.1406797350338973	-1.939581264598068
S106	-0.8215813738785872	-1.0468967720679008	-0.5517047199855785	0.37252231836654726	-1.1214396661304362	-1.2607388156506085	0.06973043488625341	-1.0616116247937795	-0.6670561152074672	-0.7976117022762258	0.7902797912329774	-2.059577063748643	-1.3697926828680842	-0.19243401567721252	0.21500878168173065	-1.5363229126533424	0.2300046886950854	-1.0898966260816492	-1.2940772151458844	-1.2171681310303164	-0.4300038006291397	-0.32538307725142884	-1.4128917246023758	-0.5482970327782515	-2.9920873469593494	-1.791040330141805	-1.2139861918773345	-2.5583397001646144	-2.102635640007138	-2.305387716119983	-1.244452030857067	-2.5531529214953004	-2.6773234557821604	-2.581831636188534	-1.3727395283961719	-2.1652216745713435	-1.3168610771784868	-2.190501344536753	-2.0080285069593704	-2.7420194008121457	-2.113353905351994	-3.257948177779575	-1.918711467036305	-2.8265291738302727	-1.9917509588038924	-1.90755690827854	-1.5687547030459004	-2.095288640526603	1.3431882014226852	-0.2826556150496147	1.2769605596500515	0.18073611295411413	-0.27168483200819626	1.0031966881249423	0.9050535322375253	-0.136248727004053	0.6107009398268997	-0.5739424739321074	-0.25140715006708336	0.35121781376703437	1.4415662363823412	-1.3635466686177646	-0.9833190231332679	-1.1685592257278765	-1.3676572558217956	0.964121002981032	-0.21123926340474064	-0.41846499084624356	0.6744120942627848	0.7495150547240833	0.8099493391020056	1.6486694745054953	1.512883558817168	1.386418251341412	0.5911252912621576	0.8378897515936956	1.6413665290632444	0.47116851741401905	-0.45537305623829094	-0.6345294230070837	1.1070205123173664	0.21994771338204888	-0.15968302865676054	-0.34193356153452537	0.7351498671340622	0.8254403738743088	1.3196369982633855	1.0965487262612856	2.347201738297114	1.709436445668143	0.8992463605010316	1.774575908490941	1.2005342762420534	-0.13936368467994198	1.4048607540888969	1.8747501362307608	1.3386698158305228	1.9421582922576686	1.4986826733796805	1.8313438169208105	1.9866005528969324	0.9237525499899284	2.9978056934776376	3.434095176111214	2.5423930241526795	2.5248280225626942	0.7987641949949429	1.0579606559715584	2.388818296820621	2.743493795662986	2.2671521643071677	2.923076247340775	1.4212507832378298	2.9668845347347013	1.2223986266920672	0.8838754368664528	2.3792990097781086	1.7009484449445527	1.1736199159392124	0.9006486535032827
S107	0.3153445714529974	-0.33320404782183777	1.974446932930178	-0.152997467529416	0.7030502512480797	-0.31087304403689253	0.27590280712988685	0.6937154062500404	0.7501342491244383	-0.1979874296978652	0.5251193944030597	0.900974700855067	1.8083600516582754	1.2595397115579465	1.4793234825712882	1.12743724044892	0.08732617797947329	0.35832396195655775	1.3462421921429126	0.07107695603565822	-0.27606205967272623	0.5859959074377463	-0.8333784373010065	-0.004919094418422643	-1.3457848136144346	0.7948742523326283	0.07687368293979369	-0.6732676746992179	-1.7972902074518706	-0.5890557534771165	-1.7003150005795444	-0.2362561776292047	-1.2143968358525123	-1.081974109334983	0.4027355050387932	0.0554227321516817	-0.5963448915746695	-1.1682263359948577	-1.935324454950849	-0.20971520456085602	-1.0165496469282287	-1.0151763945367496	-2.6130972835197324	-1.856479615648686	-2.575595684638546	-0.9254709961772085	-1.0742888356396894	-2.443375345053433	-0.7996596235014853	-0.43501284625042813	-0.7018258315723526	0.6552492697371797	-0.388958032990922	-0.6018512807419546	-0.01613904593319973	-0.1156403610829063	0.47213806503673383	0.5390240505992465	-0.33395921897931813	-0.4534246242949521	-0.7280730334534478	-0.4615182677927926	1.6098756079928256	-0.06386604272829416	-0.7115027831336337	0.7859593535416138	-0.3823548886827296	-2.2491019730999233	-0.4791442106671314	-0.3616586294313632	0.8298934202522804	0.992764699624688	0.17601616052995833	0.8023929892199031	0.42561922397005525	1.1475842630458253	0.8156262349665386	1.7495265984922177	-0.5685440040735956	2.035047151405804	0.5560228003283284	0.348286122654378	-0.04126303344574217	0.8015184652027046	1.1464202052064034	0.9866276474222133	0.4024906295626584	-0.921898128508422	0.4278944142583866	0.10888423323337415	0.4574129698872188	-0.38979546719117936	0.5082235137558693	-0.46465767980608524	0.2878367706678807	0.534504134688125	0.22885125817149066	-0.9183325536348395	-0.10188765000639405	-0.5813038968583242	-1.2866294015887207	-0.2630322364667244	-0.5187208825666296	-0.8686473549724062	0.033123836541902874	-0.8811807853947563	0.13568341370442893	-0.2767324978431135	-1.3879686673133351	0.5311349887217608	-0.4726957169248137	-0.09942710880750372	0.8508132113369392	-0.7698447337067358	-1.3612122412726746	-0.7678432445216953	-1.0401648300258703	-0.859993005155749	0.5144749208314928	0.331311290536053
S108	-3.1617798725255457	-2.580138275444314	-1.2002676001288777	-0.39479322370595993	-1.775700522773396	-3.018644624094226	-1.6652606873100773	-1.913747679466315	-2.732035702387907	-1.5452794870152866	-2.6369921566325747	-2.7136969075138055	-2.204244444693779	-1.7017712304439176	-2.5447955998184	-1.9659649625489237	-3.7136793004516333	-2.0163180087541903	-2.6328934387151492	-2.6684773102570993	-4.270772971415081	-3.4095031482882217	-3.6465781020660764	-1.7657781488065538	-1.296242214210492	-1.9653437716044664	-3.2009089293201454	-0.8345915469299156	0.27746753291192006	-1.769406883937032	-0.7504342062939373	-1.2758961056605038	-1.5761139862805875	0.4566054610125505	-2.1924986685235743	-0.7188063139889972	-2.287876780774186	-2.1311646646905227	-0.6763831222495393	-2.045048464076374	-1.2626369254324477	-1.6832366874289277	-1.07495991294582	-1.8292831436193806	-0.8640672733788088	-1.9904300000389643	-1.2765901981582768	-1.5343425069930448	2.1393529648566316	2.6509691289285247	1.1485509313517048	0.9448616374101648	1.469020040410145	1.595236043515266	1.7626459119679523	1.4617908108374946	1.745430260780395	1.9440237658676005	1.11807783788366	2.1333714196659646	1.439277480859737	1.2923055225072468	1.5243501807053081	2.6617973910510937	2.361374791070301	2.1262892689461452	1.6011427329878465	0.20444627142517913	1.83282726769926	0.8287182457052402	1.4596514946171384	1.484208648800281	-0.4248786494973224	-0.1776856126346843	-0.8675957114921896	-3.087637751488142	-0.9320574123740523	-1.375712441970646	-1.2020748772724623	-0.34641387442236776	0.17452010254501016	0.6704818369818203	-0.5019248335725623	-0.5299329817090854	0.9598911355951495	-1.253785904928589	-0.3889296832758016	0.47480895396547174	-1.0081503174473632	-0.7984734199439787	-1.420390091313102	-1.2660859868962087	0.3570763607629891	0.3535187266511105	-1.5078299279889373	-0.5143444425682131	0.1377564595408441	-2.2511782845066164	-0.7810491482741084	1.2898047434470048	-0.05920605360456793	0.951360157445591	0.8706997246899335	-0.9512077821713114	0.07325110559883491	0.7899651197600297	0.4574569432817524	1.1781602426882454	-1.3839969431041241	-0.13367829874583578	0.39113436227501236	1.3004548211394145	-0.6987723968799433	-0.6339512869702855	-1.30956820659423	-1.2279456385904068	-0.23285032189997368	0.8813457759899783	-1.0282825129445712	1.5755531561735518
S109	-0.35117556045466636	0.6050250596561048	0.9134970517256767	-0.05076292755069073	-0.4355972636810044	1.3547776879594693	0.5959226987930029	-0.5997771988317991	0.7707017835981362	-0.14468548105245427	0.7582830882344147	1.0473098077209881	-0.2671813828544388	0.7796819307851606	-2.0227904627240525	0.8240720445629501	-1.1816760946529552	2.4068134742016802	0.6696995477234957	-0.10446838413880671	1.2929937854114444	-0.2411865101308337	0.48170971759101466	0.15844432959004023	0.0032546182162255244	-0.1885067836987887	0.40959919237557574	-0.9916902446151933	2.757861763635361	1.6408202676110069	1.2515318893049527	2.2778493251069176	-0.8631350080079182	1.4702692559153907	-0.35189961747505116	1.1753506606364883	0.8593792494672889	-0.392994240796969	1.4405578759292519	1.81453801807753	1.1268931283534835	1.0520798200297752	1.0409177280582391	-0.15876199198957075	0.8648840030612229	1.476442974245523	1.1510257568895987	2.1581295083021113	0.21563694040982942	0.13447641096801757	-0.06508768335479742	1.2133932034748964	0.521296753994066	0.4749392537571222	0.751179160347156	0.7038701196774975	0.31454182024638855	-0.15933598043810182	0.781052944153026	0.9107128142594283	0.15506261623685957	1.3627801456646957	-0.4067367363436646	0.9115009376840095	-1.6999983829237921	0.6585416659592433	0.9083759206160729	-0.4852316772928209	-0.32275632438634116	-0.0559768289602523	-0.590098874719486	0.9375693538359756	-0.3319678066437015	-1.1044738822622615	0.3391689902526791	-0.44211746425706644	1.281293670713843	0.48477267493632115	0.5971635522547872	1.338665927664096	-0.2715789849118672	1.2140861918280406	-2.178897439004902	0.3483401317919943	1.070913672686149	0.7964869034263644	1.591563156653782	-0.8251249676974477	-0.45072601155893177	0.816471962963847	0.18022218589381447	-2.3528515346267813	-0.47594504426362294	0.9121736078001684	-1.1229645398970458	2.2033290600692617	0.060698752950050686	1.2129094938179483	-0.4529429458297716	-0.6071525730764056	-0.9263600890746458	1.3741727991199797	-0.6943434304474926	-0.5527199524640493	0.7607071841433677	-1.007321213258258	0.43985406991162634	1.2352039625430533	0.2615515095065956	0.20825245040513618	-0.9714716521583588	0.8083680644109603	-0.5354686686195537	0.4338609180759846	1.401203811687713	0.42841797671776405	0.30139019825111607	0.0028502417050365603	0.5866123503101769	-0.45516459330687115
S110	-0.580698723884055	-1.029276581807081	-0.2311289961503129	-1.173520696074072	-0.49162438933155256	-0.07884605597239747	-1.0580442460282105	0.08685889757516341	-0.19306214762841623	-0.8180594650777389	-0.9928372077741514	-0.6206767668804691	-0.9439194716425575	-0.9927054393925486	-0.6877940262889697	-0.7514312674840279	-0.4962190425445972	0.5541887524703286	0.14777642323752582	0.09800715186062114	-0.16778798411717782	-1.064671638897428	-1.4301700402542208	-0.7636916881412472	-2.084387356537643	-2.9642766693475835	-1.9097268611852731	-1.7182906262389168	-2.614961853252867	-1.7590842405273848	-1.5845638640280995	-2.708088931564495	-1.5942935306752921	-1.4278713542128307	-3.188868843892829	-2.2619708995697447	-1.6203533812989233	-2.1598374100778504	-1.611998442804225	-2.59881173482306	-3.237376246548852	-2.137688139359816	-3.8173199939409086	-2.0196499476312986	-1.0447321881538743	-1.9295891008979007	-2.5707892581978546	-2.730807602712662	1.0408174797065688	-0.9421575341224397	0.02185247024691772	-1.01240193352763	-2.645028236190733	-0.9234321164954093	-0.2188746805640819	-1.0125380821407832	-0.5068710574272886	0.21263937876599204	-1.2605868237139173	0.03024947401982686	-0.5386216245925758	-0.33095285327280133	0.6005112512125151	-0.2610165650795957	-1.189901913906998	-0.2250751038748514	-0.37174265567315	-0.3938481473664123	-0.9741898145609479	0.04435197430195281	1.0802564464902087	-2.14071467582609	-1.149337416155271	0.06738211596897908	-0.0014455816769916585	-0.5884733689670216	-0.8308176587268201	-0.3210169812539767	-1.6721919577485858	-0.01371167121549649	-0.6858546667041732	-1.597971120295403	0.6325198899058861	-0.16940372463561784	0.5197962064136687	-0.692563283926061	-1.8946129601469017	0.5434334401052276	-0.6789125088660424	-0.6389001385709325	-0.961285116034631	1.1215531914221435	-0.4418010515278809	-0.2832043886175181	1.9098405158588738	-0.30265733422156793	-1.9461164551815777	-0.023603351698707198	0.17035827693162497	-0.2381426633491855	-0.9612025503101235	0.17857539203961614	-1.8489881524825988	-0.912779421163345	0.9604166589693615	0.24242765626384455	-0.32736469103574795	-0.6055687083419827	-0.03716068958154273	0.6171892636862268	0.13840581005879649	-2.5568852040112713	0.06677395965085053	-0.8940329265852847	0.18807939282672992	-0.2851505524089415	-0.29156262727907883	-0.8806512585574329	-1.435405779718291	-0.3018399277792108
S111	1.058206484274686	1.0686372102225614	-1.0571375319412084	-1.3100371848685994	1.449167879697315	1.2492905022235812	-0.3919697476403262	0.04750556743871447	0.1492707748415767	0.9918276303636497	-0.2811013877166879	0.5827118187973895	0.32830226907168936	0.34978473119828424	0.952492954973577	0.22660670336607794	-0.9157777989316271	0.8312034425587811	-0.2803585955672092	0.8275290856875649	0.321079025955591	-0.6731417649438287	0.31331988349490003	-0.398747999018051	1.7026417525009119	3.384028818233616	2.3618770749646463	1.640557358480043	1.445014421829811	1.893923540506599	3.2127457134218016	0.9223792013430875	1.1777587298439955	1.3053594494130487	1.6808172298119473	1.9954806545625472	3.2872600433364876	2.286949894396418	0.4154347489004879	0.6234748235656673	1.5352629139351135	1.7731450210684843	2.0377256041661864	1.199540025600008	1.5272856931112946	0.8060490887845635	0.915229762907324	1.6716223983952088	0.3607251159697644	0.9458686229842306	0.3792000828547273	0.035610714552432754	-1.0845346176731883	-0.7035320690049107	0.3346603588605993	-1.3261028826948649	-0.20107669148695737	0.34405874937518677	-0.3246088885758253	-0.33361092480297017	-0.6333270954046554	-0.9030499443829081	1.1604112451611537	0.5978346102671743	0.34230390688236123	-0.5487964968089525	-0.45133236893781986	0.42645534905384697	0.2558005383505346	-1.2019081907651614	-0.3583726956677706	-0.4857930379290991	-0.48080099509811663	-0.9326255335577189	-2.1750730667346803	-0.5027465080055321	0.9508557658362404	-0.7519231220092863	1.0102557506570193	-0.5614936426105466	-0.388588440897607	-1.0297934027316584	0.11550423342502808	0.6035673465650035	-0.015147691546326558	-0.027328267592052924	-0.4425359996649404	-0.107041730096118	-1.1855846730221353	0.16408712398412523	-0.37540726769821353	-0.9632402624214258	-1.7396220956264548	-0.19505547107510418	-0.026412640685388733	-0.405150701156895	-0.3040456821225549	-1.9654098360534042	-1.546639810017323	-0.03159088051095549	-1.3634341866804935	-2.0414524410639485	-1.6132737310820788	-0.9888854019294527	0.03780721769053952	-2.27962027888871	0.8229877348750512	-1.378667673515772	-1.3786118785847992	-1.8479414395707185	-1.2641345557194015	-0.9863763573090418	-0.6434908811070078	-1.5888806381689657	-1.6920224688532457	-0.9996169386558424	-1.3980993720938533	-3.114103898338894	-2.2211948222714857	-1.3109383339979999
S112	0.1404720333685598	-0.39913564950730906	0.7323388816871212	-0.6450830848172826	-0.36980767268540854	-0.6356069181764622	-0.7108200676777053	-0.29150415437124627	0.09566464483033525	0.37287638569572273	-0.034870600479595795	-0.4397668087068577	-1.3229684366541588	0.6780009863668506	-0.48179697427207424	0.2448845495841661	-0.9277874955832316	1.1356759676175143	0.47754278684672874	-0.7866237237687255	0.20275059830317738	0.9984871090759104	-0.21699823699865273	-1.4367426198576547	0.2789816558383078	-1.547079727840871	0.3461683331112497	-0.7203787637550269	-1.2093454080861954	0.06327932498614075	-0.7466396203994294	-0.3667098489416388	-0.6664642634909494	-0.6542658463064057	-0.6643816454864784	-0.09098900829657142	-1.1757676697053037	0.5075996518107966	0.20594386457392322	0.059596697460387316	-0.19396889040007526	-0.33638608359445976	0.48534248290004534	0.1760021412329139	-0.3022139788343541	-0.19564659961380354	0.7547029521631092	0.7963918672916062	-1.398903578525329	-0.1920144536776558	-0.0803325238881605	-0.6530748369168312	-0.8759597213784731	1.1908320286497183	-0.4922453329173168	-0.30876299792484146	-0.638353826121089	-0.9848796528271233	0.4668130880385028	0.31320700235099747	-0.8858859368909255	-0.3934744417798993	-0.79843316742777	-0.7575009322817849	0.28096413000529713	-0.7957733234887296	-0.608681891120284	-0.08037150892219094	-0.46645746019676715	-0.007641380363698214	0.3527459074190316	0.00633870232959266	-0.5427448649623411	-0.4493315937565323	0.2867222967916404	-1.1447164995745653	-1.0407813434170514	0.4089803899452873	-0.4411127600479226	-0.2727068176758325	0.9274059849714168	0.6032830713453131	-0.671778584881	-0.4877064787667704	0.548507878937659	-0.40766999239086277	-0.6634752779990905	0.8157315980330965	-0.9564413112646184	0.49081577478945926	-1.9508110888998382	-0.5379544950257719	-0.1427367241904893	0.17218743826485108	-1.6740787009278357	-1.0731268123607054	0.012591435747462021	-1.0435069903481011	1.8146422774596074	1.1003534849715062	1.0415869263445434	-0.16777643454388924	1.1875192408309903	0.200780111969181	0.6485613660509213	0.19053919585260676	1.2243573983725191	0.882818773310889	0.45521761758570367	0.5231161916998867	0.13726478535731357	0.08281680435334804	0.6510788577613822	-0.08472232432678312	-0.3302673578368135	0.84000122043593	0.2086409673768951	0.4751690121068448	-1.1336378427726448	0.28192021186680627
S113	0.5675650321934362	1.6800418389190945	-1.0756693067920238	1.0219756835997709	0.015829952826044408	0.12918041282724904	0.3555022987578025	0.21196975954649716	0.8923446409593669	-0.7295389067615317	0.1332825532282415	-0.5463539318446025	-0.20645528110516545	2.580173829150148	-0.47464827596993286	0.5611984153320306	0.44717235061952076	-1.3338465544908005	-0.7156594589805505	-1.2508543507318985	0.07981228109864566	-0.8496073442775136	-0.5156878387912243	-1.0259888952064085	1.35682912012976	0.05974227438300056	1.3712207071646978	0.0003723512226130321	0.9087711555935474	0.6803202778643426	0.16316571863419221	0.7388056384795095	0.8335948951754333	-0.002165783202259658	0.3096380212239017	-0.5603198374583429	2.2273316118875344	-0.4217572727164549	0.5699992558234473	0.2945835038402261	1.0220779162836122	-0.20489447885118053	0.9948132766298253	1.2972306222625358	0.46549738522570727	-0.06948134314411739	0.690421417350759	-0.7302158807429686	2.1711901060723946	0.8843830417028199	1.1703666231701861	1.8746440955653887	-0.3466936329175456	0.024570064057745977	0.6719133402325973	1.2171812599577483	1.5458830983948282	0.08142658727714747	1.0844827853908257	0.5808244765105242	0.03831115236749405	0.6244886729360783	0.9000476637221664	0.09937223204581791	1.3547196412596378	-1.0364046865357222	0.9766952654843201	1.5851183050463864	1.0596843888248992	0.448544595641399	-0.24974734381368746	0.48810908559219124	1.630850681624242	1.0267574047790549	0.1965113706332242	1.0552805080019234	2.170932016570894	1.4138753304845855	0.08189310823704443	2.2406758006562773	1.5895893524591038	1.5324842537229828	1.408151961284989	1.1847517171053745	1.3073960822028678	1.1269481139601478	0.3353028153236959	1.2382338847095422	-0.09726456425371421	2.175689693422908	2.758513130899506	1.2367668839549486	1.9378066627323838	0.5895749528197208	2.067458346221804	1.2770843125284852	-0.7335825580238807	-2.8480330207019016	0.2721788028605008	-0.21953783317641062	-1.4704727270395104	0.2814800086452698	-0.9620131551618586	-2.0038098779404923	-1.448773143943617	-0.7747258190519475	-0.7291575299671849	-1.8671199234680567	-2.1762243130776486	-1.944048598814762	0.5946190689032183	-0.09824327475539674	-1.2858533590705703	-1.332843156331577	-1.762343954108128	-0.4666338383186813	-2.2591841032634035	-0.30859395835476744	-0.7328823995908123	-1.4660004635835295
S114	1.2327275791283159	1.171663790403371	1.8832571382859382	0.553472547966277	1.2846427219181449	1.5978521557225376	2.3678042366813528	-0.30546937205325364	0.04589860372268384	-0.09059352084746775	-0.41513071184394634	1.2657250564463913	1.2766786383097055	-0.42407914480784303	-0.1744077150993909	0.9451312661454915	0.30080817739163557	0.8773819303478876	0.5589111221331258	1.5421850881167427	1.5955390218145893	-0.7697074908475142	1.7791999316871525	0.30872227623540105	-2.4148698357634886	-1.493134093886351	-2.376529826563396	-4.337096570913696	-3.1217805696521346	-2.579853240045921	-2.8751324922748758	-4.070507600047315	-3.5346102004541677	-1.912791849192853	-2.5085333889595134	-4.65525603574635	-1.759649183441398	-2.732691917198094	-2.6379695577768008	-3.5874433607784124	-2.173397681432618	-3.1263557150772554	-2.810296589978723	-3.471239725044648	-4.290291034409068	-1.4977186984447213	-3.4228005911652204	-3.1783529775372275	0.28162146336300403	-0.6758531255978286	0.8659929733625352	1.1944377532477422	0.15756382803656582	0.7381410901548487	1.3071829268752544	1.6164771345860331	-0.24538859396440627	1.4066141945538073	0.8735762342799737	0.7389857900421141	2.3512680681534226	0.5805825434679118	-1.1248954109221345	1.2758544538495578	0.4501914614730479	0.6006183377335341	-0.17886530797779687	0.7548607385288163	1.8046760718167736	1.4930687578606046	0.6054863890632418	0.517587027177147	-1.7669036953189026	-1.2977702097251562	-0.03246461716008153	-0.5274386437467177	1.345130162425924	0.37457112159762573	0.5182230244823398	-1.404782954064002	0.9863909307290123	-0.36107377941453067	-0.0700815142198562	-0.649761096906136	0.11649250424121455	0.8343061991784024	-1.0649007796734171	0.6605707063709123	-0.062042937296357126	0.532548400172005	0.26216492272596664	1.1551210731946717	0.7886039864544838	0.3529598375377418	-1.286775355791712	0.27031290254160073	0.6336409905733786	1.01718090417301	0.7782270923928314	2.470073596334061	1.0578780980552622	3.5286612952542127	-0.5769110204111816	-0.5405662686296344	0.9875386204507616	0.6492932246614834	0.918735382517375	0.6675247719569664	0.32736857207839287	1.0587423883208649	2.609025178865103	2.193872340675314	0.9501635353965556	0.3232729304280956	0.8103676808129016	-1.2651929674500682	1.2771742538898432	0.6747225681777189	-0.8294405854263873	1.478784904840027
S115	-1.6655957275145021	-0.27604452426718173	-1.542128491254657	-1.7641610443802378	-1.0343468695119857	0.330587247228635	-2.212700330704059	-1.5914283812201961	-2.111606996671018	-1.7221538682075437	-0.8772184789230771	-1.8142008145181734	-0.5100677348474764	-0.6737139523246358	-0.18060590151993194	0.7776585968714401	-1.5491486621567405	-1.1431191154734428	-1.2418134399230716	-1.120102651904455	-0.435679844379827	-0.2784995989166937	-1.1631381584665788	0.30699324316110477	-0.8500224579069262	-0.23335089481585947	-1.2631339351933146	-0.4040733953918493	0.6619143768777936	-0.47662434879440263	-1.3222649665972401	0.12388059240056215	-1.4957380262511588	-1.1408989767456053	-0.3562213855300514	-0.455024773089417	-2.0433769796682055	0.838186559007989	-0.3044136928313403	0.2593134180580118	-0.7913436987778171	0.3946406859493631	-1.2596240213827812	-0.8418390662704567	-0.8275073965539013	-0.19115056338660918	-1.892489811557359	-0.09920382900203129	1.4472207449054981	1.2438634100184052	1.8352819527640936	0.39372594550769324	0.8581763059888226	0.6838161488826535	0.7190793068619012	0.45075206347037367	0.9998591557102658	1.6169946362281997	0.23213414269811228	1.3665942114986263	0.07099186864464413	1.751047436598924	0.9727974554432204	-0.11156483821345187	-0.9551029097212049	0.30233331935495716	1.5754507186620434	-0.3226469785891031	0.7002922588908387	0.28474476706037494	0.5247849114384695	0.9058494608719524	-1.444483983063682	0.12507245394572242	0.6233945321264716	-0.6844611131905272	-1.7089781444438688	-2.459641729607176	-1.1174084808765492	-2.01160574871848	-1.3260143141332381	-1.0900055780157125	-1.4194844469301306	-1.3353326074271126	-2.0154647530224645	-0.9882939620596083	-1.2903965448349946	-0.5403222141519194	0.423103655313803	-1.7388246299825048	-3.373676520914354	-1.350797354432057	-1.191248942922157	-0.5176115106366093	-1.0102846896223747	-1.234692223201424	-1.5154670147804274	-1.4026686832762454	-0.15781503714138445	-0.6770887740765357	-0.6159909246570461	-0.18948519643892014	-1.5704946008264333	-1.7692123289152586	-1.083560803809239	0.1305382495957409	-1.2889523916338912	-0.2441848217738336	-0.8930811912406947	-1.0676324568167495	-1.250816209264431	-1.8664760724186915	-1.0593935147674274	-1.7789521527405432	-0.9136236756696523	0.3485846652784409	0.6106693737252608	-0.7870679612645127	-0.6195470458054744	-0.04792792936250512
S116	1.2036721531353682	1.3282717991686712	0.7090521763973833	1.9553622907458963	2.0175513202921285	1.423224717837865	-0.3014258198792028	1.2259009342120422	1.8956012701927514	1.0871537375347078	1.3435995816241282	1.8310269768381733	-0.034531630713275696	2.056746958649953	-0.09397675727467902	1.4974138306513365	1.8809497960449715	1.0194235384073547	1.794701463186903	1.8160699894250025	0.995596353368052	1.0814791515449267	2.0640960684493366	1.6661606880070219	0.5598721638841111	0.37486011536857894	1.0693859940304558	-0.7304860288101804	1.315367626422097	0.16651355156557612	1.1664973284461972	1.2519348544756241	3.348196277044293	-1.293671721210124	0.1120163566640382	2.3992892449806784	0.05551108835453211	0.6803472038605529	0.6277902573894544	0.3321406483419117	2.407168844121654	0.8373882068786515	0.48738821369668256	1.9380178593572146	0.45292944502944693	0.7412398515010357	0.6828071601948232	2.3049817011247753	1.6700095182600603	2.5319681127828346	2.3370343360017354	1.4331430405196084	3.2117871618970595	1.9638413106399997	1.1317291283183157	3.1092988877311254	3.1410079896363445	2.403796831593491	3.76539703592601	1.2932230604657875	2.7167533623458042	0.8952172673816017	3.1963193421766483	2.4438674077208993	2.6901549563865936	1.229307021981886	1.878414466096937	1.9665186299901476	1.8425737091842112	1.983003006100471	2.626845773181587	3.217340851600828	0.45528638612376326	2.3760748562555967	0.5726689497759714	1.5331402249984558	2.043521675991747	0.5855813121998866	0.8121683961676917	0.13288443707679576	1.7228131831344178	1.536432277630272	1.103902235662708	0.9710872732366376	2.3785142298208175	1.942433376459104	-0.07022357461904716	0.9036612053773422	1.5907413093488718	1.2995567155919727	1.4726706546617854	1.247184575349067	1.5848508978469995	1.713407672493215	1.7989082874157902	0.5268673113078552	-0.19974077271755641	0.12496153557307665	-0.16815779274155307	0.15127345849321083	-0.5335534165156524	-0.1939450220871457	0.18368204100705998	1.2808608058494317	-0.6198588971686787	-0.283714838300416	-0.10827132812589779	0.6932269083790726	1.1610731115867985	0.9378022551296763	1.6353445095329697	1.4397931591604767	-2.5629364873481206	0.09705462635947071	-0.48977022215202726	-0.13088909099287582	0.5692016785111893	1.3424094119545207	0.06546796881617312	0.11326007041942221
S117	1.2064850751611766	1.0547627145331788	0.2706307019788354	-0.11948178267806708	-0.09101302587678395	-0.34266635190839745	-0.8809571999659869	0.2540741546342243	0.00544252303315651	0.7775603101132084	0.5434669434677246	1.0246130543181047	1.626758004797729	-0.05865092393528948	0.5258992617623237	0.4215049623156739	0.027238828475355747	-0.22831317820197616	0.7738127484835905	0.936941659577859	0.5042711085122537	1.1759790104352643	0.9755413385082474	1.5354243451661087	1.1456751941551577	0.43784085687302343	2.0256002620843345	0.6922753132960915	0.948504461524886	1.7376221714244249	1.2249497435750354	0.49850070095029286	1.4800272981204372	0.5903652403294128	1.6046110099121278	0.5604438315612403	1.2045962903503558	2.9299056829444394	0.8092376195914345	1.5153639575645832	2.3450884442847135	2.3836873526494493	2.0222579969345436	1.4663483522426104	2.4363538767190356	1.1769026923089938	3.147794915667694	1.6688106531141624	1.6071032316231588	1.1369177996482032	-0.3672996272137191	0.39467936392905484	-0.7188840322958169	0.8304187927610439	1.9022738401452686	1.0555006068236532	0.9416799670061502	0.6399217160702789	0.08119942380329087	2.135936472810517	1.513593898262724	0.1664816033201834	0.2205059903448431	0.01846006471367223	1.244622134575387	0.2970270488877035	0.11631433089336018	2.1898186940527262	0.2368282983211436	1.453406702427186	-0.3684028014043764	0.2840316052313356	0.21269938882037687	-1.0107076390887666	-1.4538165387046442	-2.317495739272836	-0.5171958704397388	-1.6505190403198062	-1.1205260303649995	-0.23187168039184447	-0.07860574880599158	-2.1509055884707737	-0.051992695540245215	-0.9698483591839543	-0.07078627325095899	0.22833779032749835	-1.1592425456707356	-0.26483052188459566	-0.8822161102238988	-1.5836876458932077	-0.9448302757687168	0.004335288718655517	-0.09304070882078108	-0.11706926071161494	-0.9690126468232002	-2.1371263487873433	1.3298333301644871	0.9323200358342594	-1.2627823307379558	-0.1151046439244203	-0.045802813731426584	0.08495492097637772	1.359452958680218	-0.2813748685737657	-0.11604458381361318	0.1259101720942542	0.09430277703742157	0.46747970489985324	-0.8522705097402301	0.2773446630350116	0.12231097020594636	0.6567800858159123	-0.5454808423174543	-0.29015416325584953	-0.6951664592138479	-0.4493518864780366	0.303636896000375	0.14645923838685992	0.8650322552217843	-0.6098742786744556
S118	0.8783427416485847	0.9662861496357262	1.740369173333857	0.4984400776076688	1.2133707704733316	1.6400086079235172	1.5658617722210848	1.5092075296527192	1.3437949743670332	0.6180452463555905	1.631284520641334	0.44143682808003637	0.5076055928966983	0.6738678460271006	1.277379500300695	2.1313381583459434	1.9007623622700844	1.8632452354244822	1.3971949223001756	0.9682116187649361	0.1497357695048379	0.37720481579979087	0.9556216973620284	2.209476788338636	-2.243371914922436	0.9805793100360748	-1.3577761138970077	-0.6360910037478096	-0.25206500727689507	-0.16232949433823485	-1.582451245250013	-1.414339643638606	-0.9221266193877388	1.3957563263884896	-0.6144540695646244	-1.0237123174550458	-0.7942692363278021	-0.2248379031349672	0.43839324603384167	-1.0871419960855255	-1.4829601084212092	-1.465699506838349	-1.4576505436935006	-0.27837446257509446	-0.5927513838842355	-0.4205234077018596	0.4105543640955077	-1.1695187794277315	-0.04112614262825874	0.9504321579982088	-0.20129005301138242	1.1920517986831811	-0.2422837070508836	-0.0747239036983262	0.9198260760946705	-0.7414759932486924	0.13775752456328116	-0.25056463809631657	0.1465448667934407	0.6127805456592531	0.3447869579432697	1.0853266059547937	0.7805553552027108	-0.3190921180086602	0.3674278738961741	-0.10248496236601502	-0.732237877229048	-0.2463803263922384	0.5229047213502368	-1.45205986470933	0.42900376840502197	1.0877426969662911	1.238136536732398	0.39137091335339513	0.6550585362525344	0.6816396857486089	0.8457057033053011	0.5971572266631722	0.876166576595026	0.48623443125126	-0.19635236305463932	0.26810077110143715	1.4902854130479903	2.2638318429920288	1.5694093852350934	-0.4272760316893257	-0.10715180924844814	0.14140827238445108	0.3779493669922122	-0.27166648647863	1.107401378189401	0.19394588743373875	0.3474202913302977	1.366376462315516	0.4265851851757376	-0.5568610184963755	0.925379473398222	0.2939032014209042	0.35778164054358896	1.7184075918041	0.7772758567016296	1.3798534196685537	0.25861427616907884	2.490385147588003	0.3881630317349499	1.110469555881249	1.64947192340201	1.35816577075474	1.239757240490141	1.501463119505581	1.499102717612407	1.2979148662461737	2.3823307414388033	0.33689441654212926	1.870221036139789	1.2841663088747568	-0.8601895682866483	2.542655107929755	1.4940415340875683	1.8468730590336007
S119	1.6277553913617013	1.463180236478154	1.6301418827043361	0.09268733093950754	0.6367209021859183	1.5780601950383208	1.9837615248593505	0.6904050293852311	1.6120472881546324	-0.34104473985113737	1.5684174099840482	2.3069966121478833	1.004830626389074	0.6728544497343645	3.3052207168604335	1.2045802517639197	2.271712817315267	0.6453072556383253	0.2142277772425435	-0.0587090872460625	1.9617304062613732	-0.1612121353548881	-0.4315574730419032	0.6741886639184549	2.01181853857356	1.5038944888361123	0.7712856775889743	0.7442639441141781	0.8803054688443038	1.2097542308308769	1.8922897194112696	1.9561214697128158	1.3878333691980516	1.9789270302928639	1.3474471308636824	1.4131815819343498	1.0343801033169935	2.734756997030677	2.439874728509287	0.7397031059140102	1.829499989170928	1.324947156989194	0.951289582608771	1.724870198759287	1.2771763044629874	1.260615255243847	0.9516720746125943	1.057891967922438	1.0061097894173288	-0.0758810946273829	1.790643317809876	0.9424523526760551	1.8137407807810608	0.29846748945616314	1.8826019768877638	0.08608592112793867	1.662320043549823	-0.47070615346229405	1.2571865597892615	1.3184818574912216	0.24265488905433696	1.490623473991454	0.5610506304266258	0.32157434373702737	0.7929592690570102	0.8848181915125775	2.367064579567147	2.2346292866755375	1.7075923090507472	0.14444738793852752	0.47350845105922773	-0.4147375470005219	1.3472181613385237	0.9935591485600777	0.09385600886172407	0.1255905719334095	0.7538832259849699	-0.9760134373483815	1.7429293109716497	2.1049734874454877	-0.06044501769017585	-0.8100450791675506	-0.6948749353320576	1.348455237568027	1.1963620210967068	1.7231981950536905	0.26817325781862	1.2359672229541852	-0.07097240644331182	-0.19897519289711263	-0.22511231444644608	-0.4106224977984252	0.7721447974571146	0.8387126290764482	1.924443846216154	0.9303530643701847	0.8032235186579411	0.7539450794700442	1.882451772595978	0.31797756061255467	2.611497718641888	1.1578683423488378	0.9398925684937697	1.1306266454742495	2.549576912533695	-0.3609990411650572	0.3170458519851779	2.606564063484396	2.124308823515051	1.0267076793245165	-0.16792071577836465	2.3335043809520455	1.2415935686100414	2.4777258684128753	1.064183553052114	1.43691709247166	0.9085694891155622	1.4135474831599657	1.3838837887562634	-0.4160625112786982
